-- phpMyAdmin SQL Dump
-- version 5.2.1
-- https://www.phpmyadmin.net/
--
-- Host: 127.0.0.1:3307
-- Generation Time: May 27, 2025 at 03:42 PM
-- Server version: 8.0.40
-- PHP Version: 8.2.12

SET SQL_MODE = "NO_AUTO_VALUE_ON_ZERO";
START TRANSACTION;
SET time_zone = "+00:00";


/*!40101 SET @OLD_CHARACTER_SET_CLIENT=@@CHARACTER_SET_CLIENT */;
/*!40101 SET @OLD_CHARACTER_SET_RESULTS=@@CHARACTER_SET_RESULTS */;
/*!40101 SET @OLD_COLLATION_CONNECTION=@@COLLATION_CONNECTION */;
/*!40101 SET NAMES utf8mb4 */;

--
-- Database: `toursaoviet`
--

-- --------------------------------------------------------

--
-- Table structure for table `admin`
--

CREATE TABLE `admin` (
  `id` varchar(255) COLLATE utf8mb4_vietnamese_ci NOT NULL,
  `code` varchar(255) COLLATE utf8mb4_vietnamese_ci DEFAULT NULL,
  `email` varchar(255) COLLATE utf8mb4_vietnamese_ci DEFAULT NULL,
  `full_name` varchar(255) COLLATE utf8mb4_vietnamese_ci DEFAULT NULL,
  `password` varchar(255) COLLATE utf8mb4_vietnamese_ci DEFAULT NULL,
  `phone` varchar(255) COLLATE utf8mb4_vietnamese_ci DEFAULT NULL,
  `registered_time` datetime(6) DEFAULT NULL
) ENGINE=InnoDB DEFAULT CHARSET=utf8mb4 COLLATE=utf8mb4_vietnamese_ci;

--
-- Dumping data for table `admin`
--

INSERT INTO `admin` (`id`, `code`, `email`, `full_name`, `password`, `phone`, `registered_time`) VALUES
('22982e77-6ba9-4a8e-b099-3e3fd96a1584', 'AD250001', 'admin@gmail.com', 'Trần Thành', '$2a$10$DZk3853CNzQOdy871zYSY.ZpcoOiVidF2gPkMCLTwqXwJHp4.u4GS', '0399999999', '2025-03-30 09:47:20.096481');

-- --------------------------------------------------------

--
-- Table structure for table `admin_roles`
--

CREATE TABLE `admin_roles` (
  `id` varchar(255) COLLATE utf8mb4_vietnamese_ci NOT NULL,
  `role` varchar(255) COLLATE utf8mb4_vietnamese_ci DEFAULT NULL
) ENGINE=InnoDB DEFAULT CHARSET=utf8mb4 COLLATE=utf8mb4_vietnamese_ci;

--
-- Dumping data for table `admin_roles`
--

INSERT INTO `admin_roles` (`id`, `role`) VALUES
('22982e77-6ba9-4a8e-b099-3e3fd96a1584', 'ADMIN');

-- --------------------------------------------------------

--
-- Table structure for table `booking`
--

CREATE TABLE `booking` (
  `id` varchar(255) COLLATE utf8mb4_vietnamese_ci NOT NULL,
  `adult_price` double DEFAULT NULL,
  `booking_time` datetime(6) DEFAULT NULL,
  `children_price` double DEFAULT NULL,
  `code` varchar(255) COLLATE utf8mb4_vietnamese_ci DEFAULT NULL,
  `customer_code` varchar(255) COLLATE utf8mb4_vietnamese_ci DEFAULT NULL,
  `customer_id` varchar(255) COLLATE utf8mb4_vietnamese_ci DEFAULT NULL,
  `discount` double DEFAULT NULL,
  `end_date` date DEFAULT NULL,
  `start_date` date DEFAULT NULL,
  `status` varchar(255) COLLATE utf8mb4_vietnamese_ci DEFAULT NULL,
  `total_price` double DEFAULT NULL,
  `tour_code` varchar(255) COLLATE utf8mb4_vietnamese_ci DEFAULT NULL,
  `tour_id` varchar(255) COLLATE utf8mb4_vietnamese_ci DEFAULT NULL,
  `tour_name` varchar(255) COLLATE utf8mb4_vietnamese_ci DEFAULT NULL,
  `quantity_adult` int DEFAULT NULL,
  `quantity_children` int DEFAULT NULL,
  `quantity_day` int DEFAULT NULL,
  `schedule_code` varchar(255) COLLATE utf8mb4_vietnamese_ci DEFAULT NULL,
  `schedule_id` varchar(255) COLLATE utf8mb4_vietnamese_ci DEFAULT NULL,
  `is_reserved` bit(1) DEFAULT NULL,
  `is_reviewed` bit(1) DEFAULT NULL,
  `promotion_id` varchar(255) COLLATE utf8mb4_vietnamese_ci DEFAULT NULL
) ENGINE=InnoDB DEFAULT CHARSET=utf8mb4 COLLATE=utf8mb4_vietnamese_ci;

--
-- Dumping data for table `booking`
--

INSERT INTO `booking` (`id`, `adult_price`, `booking_time`, `children_price`, `code`, `customer_code`, `customer_id`, `discount`, `end_date`, `start_date`, `status`, `total_price`, `tour_code`, `tour_id`, `tour_name`, `quantity_adult`, `quantity_children`, `quantity_day`, `schedule_code`, `schedule_id`, `is_reserved`, `is_reviewed`, `promotion_id`) VALUES
('012ecef1-febb-4611-b2b2-5ef53b93f6b4', 4000000, '2025-05-16 01:42:45.024767', 3200000, '1747334545827587', 'KH2025000002', '32a36d69-4760-4a34-a36d-fe90255f875d', 0, '2025-05-21', '2025-05-19', 'Đã xác nhận', 11200000, 'T2025000001', '2a851424-9745-4742-9c1e-60eca98c398e', 'BIỂN ĐẢO 3N2Đ | PHÚ QUỐC', 2, 1, 3, 'LT2025000000001', 'f93bdfd8-e42a-4e0a-91ba-dcfd960876bc', b'1', b'1', ''),
('358d5681-9396-4dbc-95be-02126da36f90', 4000000, '2025-05-16 13:53:22.252914', 3200000, '1747378335288306', 'KH2025000001', '1347bc6c-0568-48b3-8a2c-f3c453618348', 0, '2025-05-21', '2025-05-19', 'Đã xác nhận', 26400000, 'T2025000001', '2a851424-9745-4742-9c1e-60eca98c398e', 'BIỂN ĐẢO 3N2Đ | PHÚ QUỐC', 5, 2, 3, 'LT2025000000001', 'f93bdfd8-e42a-4e0a-91ba-dcfd960876bc', b'1', b'0', ''),
('67ed305f-5f4d-4bb2-b8f5-c2af725cf3d1', 5000000, '2025-05-27 01:16:12.312926', 4500000, '1748283298239586', 'KH2025000001', '1347bc6c-0568-48b3-8a2c-f3c453618348', 0, '2025-06-01', '2025-05-30', 'Đã xác nhận', 14500000, 'T2025000001', '2a851424-9745-4742-9c1e-60eca98c398e', 'BIỂN ĐẢO 3N2Đ | PHÚ QUỐC', 2, 1, 3, 'LT2025000000006', 'a52807ca-c78b-4fdf-a178-58ac6f4d3cf7', b'1', b'1', ''),
('72c6badf-4204-45d4-886b-02b221e4efd5', 4500000, '2025-05-20 08:06:10.532097', 3900000, '1747703143346201', 'KH2025000001', '1347bc6c-0568-48b3-8a2c-f3c453618348', 0, '2025-05-27', '2025-05-25', 'Đã xác nhận', 12900000, 'T2025000006', '3bbdf626-1ba7-4549-a4e4-cde096ea04fc', 'MIỀN TRUNG 3N2Đ | ĐÀ LẠT – BẢO LỘC', 2, 1, 3, 'LT2025000000003', '97ea5ccd-b06e-4a01-9ccf-aabbc8865e1c', b'1', b'1', ''),
('7a4550ae-8648-47c5-a3da-fbb9b12bd857', 4500000, '2025-05-20 09:46:43.092383', 3800000, '1747709172817553', 'KH2025000001', '1347bc6c-0568-48b3-8a2c-f3c453618348', 100000, '2025-05-25', '2025-05-23', 'Đã xác nhận', 8200000, 'T2025000001', '2a851424-9745-4742-9c1e-60eca98c398e', 'BIỂN ĐẢO 3N2Đ | PHÚ QUỐC', 1, 1, 3, 'LT2025000000002', 'c95ea5f5-2e96-4aa4-bb9b-951d6e7ba862', b'1', b'1', '9c815954-d017-4480-b9bb-ff48bf2a882b'),
('abdfcd5a-0cf8-46bd-8e12-43b85cabab58', 4500000, '2025-05-20 09:45:45.112645', 3800000, '174770912365548', 'KH2025000001', '1347bc6c-0568-48b3-8a2c-f3c453618348', 100000, '2025-05-25', '2025-05-23', 'Đã xác nhận', 8200000, 'T2025000001', '2a851424-9745-4742-9c1e-60eca98c398e', 'BIỂN ĐẢO 3N2Đ | PHÚ QUỐC', 1, 1, 3, 'LT2025000000002', 'c95ea5f5-2e96-4aa4-bb9b-951d6e7ba862', b'1', b'1', '9c815954-d017-4480-b9bb-ff48bf2a882b'),
('ae2222fd-49d2-4489-89c3-bcea40bf4724', 4000000, '2025-05-16 01:38:58.365183', 3200000, '1747334309928697', 'KH2025000001', '1347bc6c-0568-48b3-8a2c-f3c453618348', 0, '2025-05-21', '2025-05-19', 'Đã xác nhận', 14400000, 'T2025000001', '2a851424-9745-4742-9c1e-60eca98c398e', 'BIỂN ĐẢO 3N2Đ | PHÚ QUỐC', 2, 2, 3, 'LT2025000000001', 'f93bdfd8-e42a-4e0a-91ba-dcfd960876bc', b'1', b'1', ''),
('bc8726d2-6515-4d8b-b9d3-9e8b3478d50a', 4000000, '2025-05-16 01:45:29.650869', 3200000, '1747334729557845', 'KH2025000001', '1347bc6c-0568-48b3-8a2c-f3c453618348', 0, '2025-05-21', '2025-05-19', 'Đã hủy', 26400000, 'T2025000001', '2a851424-9745-4742-9c1e-60eca98c398e', 'BIỂN ĐẢO 3N2Đ | PHÚ QUỐC', 5, 2, 3, 'LT2025000000001', 'f93bdfd8-e42a-4e0a-91ba-dcfd960876bc', b'1', b'0', ''),
('c626ec3b-5ba1-4f95-8eb7-112e3159c3e6', 4500000, '2025-05-20 08:06:38.030251', 3800000, '1747703197984612', 'KH2025000001', '1347bc6c-0568-48b3-8a2c-f3c453618348', 0, '2025-05-25', '2025-05-23', 'Đã hủy', 8300000, 'T2025000001', '2a851424-9745-4742-9c1e-60eca98c398e', 'BIỂN ĐẢO 3N2Đ | PHÚ QUỐC', 1, 1, 3, 'LT2025000000002', 'c95ea5f5-2e96-4aa4-bb9b-951d6e7ba862', b'1', b'0', ''),
('fe6341d0-e958-44d6-a238-7121614d84aa', 4000000, '2025-05-16 13:55:38.218300', 3200000, '1747378496396759', 'KH2025000002', '32a36d69-4760-4a34-a36d-fe90255f875d', 0, '2025-05-21', '2025-05-19', 'Đã hủy', 7200000, 'T2025000001', '2a851424-9745-4742-9c1e-60eca98c398e', 'BIỂN ĐẢO 3N2Đ | PHÚ QUỐC', 1, 1, 3, 'LT2025000000001', 'f93bdfd8-e42a-4e0a-91ba-dcfd960876bc', b'1', b'0', '');

-- --------------------------------------------------------

--
-- Table structure for table `chat_sessions`
--

CREATE TABLE `chat_sessions` (
  `id` varchar(255) COLLATE utf8mb4_vietnamese_ci NOT NULL,
  `started_at` datetime(6) DEFAULT NULL,
  `status` varchar(255) COLLATE utf8mb4_vietnamese_ci DEFAULT NULL,
  `updated_at` datetime(6) DEFAULT NULL,
  `customer_code` varchar(255) COLLATE utf8mb4_vietnamese_ci DEFAULT NULL
) ENGINE=InnoDB DEFAULT CHARSET=utf8mb4 COLLATE=utf8mb4_vietnamese_ci;

--
-- Dumping data for table `chat_sessions`
--

INSERT INTO `chat_sessions` (`id`, `started_at`, `status`, `updated_at`, `customer_code`) VALUES
('694daf43-6b8c-4852-aa77-02dbefc18bdd', '2025-05-26 07:02:24.065502', 'Đang diễn ra', '2025-05-27 01:01:38.664694', 'CB2025000002'),
('f318ccad-5444-4e50-95db-11bf052c387f', '2025-05-26 06:56:20.524387', 'Đang diễn ra', '2025-05-27 01:08:00.950911', 'CB2025000001');

-- --------------------------------------------------------

--
-- Table structure for table `checkout`
--

CREATE TABLE `checkout` (
  `id` varchar(255) COLLATE utf8mb4_vietnamese_ci NOT NULL,
  `checkout_time` datetime(6) DEFAULT NULL,
  `code` varchar(255) COLLATE utf8mb4_vietnamese_ci DEFAULT NULL,
  `method` varchar(255) COLLATE utf8mb4_vietnamese_ci DEFAULT NULL,
  `status` varchar(255) COLLATE utf8mb4_vietnamese_ci DEFAULT NULL,
  `booking_id` varchar(255) COLLATE utf8mb4_vietnamese_ci DEFAULT NULL
) ENGINE=InnoDB DEFAULT CHARSET=utf8mb4 COLLATE=utf8mb4_vietnamese_ci;

--
-- Dumping data for table `checkout`
--

INSERT INTO `checkout` (`id`, `checkout_time`, `code`, `method`, `status`, `booking_id`) VALUES
('7d13f47a-3670-4158-a497-6b76f4350c57', '2025-05-16 01:38:58.314932', '14959847', 'VNPay', 'Đã thanh toán', 'ae2222fd-49d2-4489-89c3-bcea40bf4724'),
('8c21088b-47b0-4731-9b0d-a9df117362b5', '2025-05-20 09:46:43.020578', '14967137', 'VNPay', 'Đã thanh toán', '7a4550ae-8648-47c5-a3da-fbb9b12bd857'),
('910b024d-d265-425f-a8ab-e56fa67178e2', '2025-05-16 13:55:38.176323', '4429329779', 'MoMo', 'Đã thanh toán', 'fe6341d0-e958-44d6-a238-7121614d84aa'),
('b423c9c6-c3e1-4660-bb48-9000f0a27b6a', NULL, '', 'Tiền mặt', 'Chưa thanh toán', 'bc8726d2-6515-4d8b-b9d3-9e8b3478d50a'),
('bd0e8e18-d37a-4de6-860e-a9d9edd758c7', NULL, '', 'Tiền mặt', 'Chưa thanh toán', 'c626ec3b-5ba1-4f95-8eb7-112e3159c3e6'),
('bee63f33-1209-483d-874e-342d5e5d7ea2', '2025-05-16 01:42:44.974921', '14959849', 'VNPay', 'Đã thanh toán', '012ecef1-febb-4611-b2b2-5ef53b93f6b4'),
('c6f472ab-ba0c-4b43-aeda-a9190446aba5', '2025-05-20 09:45:45.039420', '14967136', 'VNPay', 'Đã thanh toán', 'abdfcd5a-0cf8-46bd-8e12-43b85cabab58'),
('c74e5e07-6c1f-4fc8-bac6-8ed85d500703', '2025-05-16 13:53:22.201163', '4429329762', 'MoMo', 'Đã thanh toán', '358d5681-9396-4dbc-95be-02126da36f90'),
('c7fe80bd-4c49-467f-9c49-ea6b448fe457', '2025-05-27 01:16:12.273961', '14981100', 'VNPay', 'Đã thanh toán', '67ed305f-5f4d-4bb2-b8f5-c2af725cf3d1'),
('e0e5c6a0-6b85-4603-b124-dec1a575f16c', '2025-05-20 08:06:10.486131', '14966946', 'VNPay', 'Đã thanh toán', '72c6badf-4204-45d4-886b-02b221e4efd5');

-- --------------------------------------------------------

--
-- Table structure for table `customer`
--

CREATE TABLE `customer` (
  `id` varchar(255) COLLATE utf8mb4_vietnamese_ci NOT NULL,
  `code` varchar(255) COLLATE utf8mb4_vietnamese_ci DEFAULT NULL,
  `email` varchar(255) COLLATE utf8mb4_vietnamese_ci DEFAULT NULL,
  `full_name` varchar(255) COLLATE utf8mb4_vietnamese_ci DEFAULT NULL,
  `password` varchar(255) COLLATE utf8mb4_vietnamese_ci DEFAULT NULL,
  `phone` varchar(255) COLLATE utf8mb4_vietnamese_ci DEFAULT NULL,
  `registered_time` datetime(6) DEFAULT NULL,
  `status` varchar(255) COLLATE utf8mb4_vietnamese_ci DEFAULT NULL
) ENGINE=InnoDB DEFAULT CHARSET=utf8mb4 COLLATE=utf8mb4_vietnamese_ci;

--
-- Dumping data for table `customer`
--

INSERT INTO `customer` (`id`, `code`, `email`, `full_name`, `password`, `phone`, `registered_time`, `status`) VALUES
('1347bc6c-0568-48b3-8a2c-f3c453618348', 'KH2025000001', 'thanhhkh3@gmail.com', 'Trần Thành', '$2a$10$LXwiUvNGPEqAtWZ0V3Bfs.P5Z7xAMLsHqwxKtywoQCtu7TfRAEZ2.', '0825702210', '2025-04-15 01:49:25.033616', 'Đang hoạt động'),
('32a36d69-4760-4a34-a36d-fe90255f875d', 'KH2025000002', 'tranthanh200322@gmail.com', 'Trần Thành', '$2a$10$FYyp7qYo71uCMoDQJ8do1.y1GPOOi05FwwM56e/ANn2iWpLwObQ7m', '0825702211', '2025-04-22 01:51:41.077804', 'Đang hoạt động');

-- --------------------------------------------------------

--
-- Table structure for table `customer_roles`
--

CREATE TABLE `customer_roles` (
  `id` varchar(255) COLLATE utf8mb4_vietnamese_ci NOT NULL,
  `role` varchar(255) COLLATE utf8mb4_vietnamese_ci DEFAULT NULL
) ENGINE=InnoDB DEFAULT CHARSET=utf8mb4 COLLATE=utf8mb4_vietnamese_ci;

--
-- Dumping data for table `customer_roles`
--

INSERT INTO `customer_roles` (`id`, `role`) VALUES
('1347bc6c-0568-48b3-8a2c-f3c453618348', 'USER'),
('32a36d69-4760-4a34-a36d-fe90255f875d', 'USER');

-- --------------------------------------------------------

--
-- Table structure for table `hot_tour`
--

CREATE TABLE `hot_tour` (
  `id` varchar(255) COLLATE utf8mb4_vietnamese_ci NOT NULL,
  `created_time` date DEFAULT NULL,
  `destination` varchar(500) COLLATE utf8mb4_vietnamese_ci DEFAULT NULL
) ENGINE=InnoDB DEFAULT CHARSET=utf8mb4 COLLATE=utf8mb4_vietnamese_ci;

--
-- Dumping data for table `hot_tour`
--

INSERT INTO `hot_tour` (`id`, `created_time`, `destination`) VALUES
('a295afeb-172c-447d-8032-df4719670061', '2025-05-25', 'Hạ Long, Đà Nẵng, Phú Quốc, Hội An, Nha Trang, Sapa, Đà Lạt, Huế, TP. Hồ Chí Minh, Hà Nội');

-- --------------------------------------------------------

--
-- Table structure for table `messages`
--

CREATE TABLE `messages` (
  `id` varchar(255) COLLATE utf8mb4_vietnamese_ci NOT NULL,
  `chat_id` varchar(255) COLLATE utf8mb4_vietnamese_ci DEFAULT NULL,
  `content` longtext COLLATE utf8mb4_vietnamese_ci,
  `created_at` datetime(6) DEFAULT NULL,
  `sender_type` varchar(255) COLLATE utf8mb4_vietnamese_ci DEFAULT NULL
) ENGINE=InnoDB DEFAULT CHARSET=utf8mb4 COLLATE=utf8mb4_vietnamese_ci;

--
-- Dumping data for table `messages`
--

INSERT INTO `messages` (`id`, `chat_id`, `content`, `created_at`, `sender_type`) VALUES
('0fd8a71d-7ba9-40b1-bcec-d6ac699b989f', '694daf43-6b8c-4852-aa77-02dbefc18bdd', 'Xin chào', '2025-05-27 00:50:09.797246', 'customer'),
('1881d672-5266-4451-82b6-bafab1925522', 'f318ccad-5444-4e50-95db-11bf052c387f', 'Đà nẵng', '2025-05-27 00:49:10.214641', 'customer'),
('2c995a7f-43c7-4c7b-ab14-5a9d798bdf4d', 'f318ccad-5444-4e50-95db-11bf052c387f', 'Lấy tour có giá khoảng 6 triệu', '2025-05-27 01:08:00.991837', 'customer'),
('3d71a211-f1c9-41c0-aeb3-2eee18ec267d', '694daf43-6b8c-4852-aa77-02dbefc18bdd', 'hà nội hạ long', '2025-05-27 00:51:16.636096', 'customer'),
('3fb07f75-b41f-49b8-a860-46f663d7f5d5', 'f318ccad-5444-4e50-95db-11bf052c387f', 'Dựa vào thời tiết hiện tại, bạn muốn gợi ý địa điểm du lịch ở khu vực nào của Việt Nam? Miền Bắc, Trung hay Nam?', '2025-05-27 00:48:51.406881', 'chatbot'),
('4ad11732-5234-4d21-a11d-e0f169d08f40', '694daf43-6b8c-4852-aa77-02dbefc18bdd', 'Dưới đây là một số loại tour phổ biến ở Việt Nam:*   Tour du lịch biển đảo*   Tour du lịch sinh thái*   Tour du lịch văn hóa*   Tour du lịch ẩm thực*   Tour du lịch mạo hiểm', '2025-05-27 01:01:06.805297', 'chatbot'),
('4b6cd03c-a667-4e81-a8d5-e26aee0478ba', '694daf43-6b8c-4852-aa77-02dbefc18bdd', 'Lấy danh sách các tour của Sao Việt', '2025-05-27 01:01:38.708651', 'customer'),
('55dbe6a6-0c94-49e2-99cb-06336efcbfe5', 'f318ccad-5444-4e50-95db-11bf052c387f', '[{\"id\":\"68f11a1b-7f72-4e63-8b8a-c21261c37d72\",\"name\":\"MIỀN TRUNG 3N2Đ | ĐÀ NẴNG – CÙ LAO CHÀM – HỘI AN – BÀ NÀ\",\"destination\":\"ĐÀ NẴNG – CÙ LAO CHÀM – HỘI AN – BÀ NÀ\",\"image\":\"https://res.cloudinary.com/doie0qiiq/image/upload/v1747329424/saoviet/pzukbcxa4m48xqrhvgth.png\",\"quantityDay\":3,\"adultPrice\":6000000.0,\"startDate\":\"2025-05-27\",\"endDate\":\"2025-05-29\",\"people\":20}]', '2025-05-27 00:49:10.252849', 'chatbot'),
('5d33a59b-8b9c-4a99-b439-f39258f66abb', '694daf43-6b8c-4852-aa77-02dbefc18bdd', 'Tôi sẽ tìm kiếm thông tin về các tour của Sao Việt và cung cấp cho bạn.', '2025-05-27 01:01:38.743190', 'chatbot'),
('6321003f-50ee-4ffd-8194-4dc4ce24bb19', 'f318ccad-5444-4e50-95db-11bf052c387f', 'Thời tiết này thích hợp đi đâu?', '2025-05-27 00:48:51.377600', 'customer'),
('6d9230e5-c54c-41dc-aee4-9735864479f1', '694daf43-6b8c-4852-aa77-02dbefc18bdd', 'Dựa trên tìm kiếm hiện tại, một số tour du lịch hot ở Việt Nam bao gồm:*   Hà Nội*   Hạ Long*   Đà Nẵng*   Phú Quốc*   Sapa*   Đà Lạt*   Hội An', '2025-05-27 00:50:43.104879', 'chatbot'),
('72531a45-90b5-4688-ab98-3de0722b4de1', '694daf43-6b8c-4852-aa77-02dbefc18bdd', 'Lấy danh sách các tour', '2025-05-27 01:01:06.785844', 'customer'),
('83ac0ae7-bf14-4feb-b95d-e2ddf8dfd084', '694daf43-6b8c-4852-aa77-02dbefc18bdd', 'Gợi ý cho tôi một số tour hot hiện nay', '2025-05-27 00:50:43.086778', 'customer'),
('bc8de288-7c59-46b1-ba3e-a1d966ed0f8b', '694daf43-6b8c-4852-aa77-02dbefc18bdd', 'Xin lỗi, tôi chỉ hỗ trợ về tour du lịch.', '2025-05-27 00:50:09.818001', 'chatbot'),
('bfa68ebb-2843-428b-b62d-d770cd15680e', 'f318ccad-5444-4e50-95db-11bf052c387f', '[{\"id\":\"68f11a1b-7f72-4e63-8b8a-c21261c37d72\",\"name\":\"MIỀN TRUNG 3N2Đ | ĐÀ NẴNG – CÙ LAO CHÀM – HỘI AN – BÀ NÀ\",\"destination\":\"ĐÀ NẴNG – CÙ LAO CHÀM – HỘI AN – BÀ NÀ\",\"image\":\"https://res.cloudinary.com/doie0qiiq/image/upload/v1747329424/saoviet/pzukbcxa4m48xqrhvgth.png\",\"quantityDay\":3,\"adultPrice\":6000000.0,\"startDate\":\"2025-05-27\",\"endDate\":\"2025-05-29\",\"people\":20},{\"id\":\"2a851424-9745-4742-9c1e-60eca98c398e\",\"name\":\"BIỂN ĐẢO 3N2Đ | PHÚ QUỐC\",\"destination\":\"TP. HỒ CHÍ MINH - PHÚ QUỐC\",\"image\":\"https://res.cloudinary.com/doie0qiiq/image/upload/v1747328676/saoviet/ykqgf4oxbhffuo4uxblj.jpg\",\"quantityDay\":3,\"adultPrice\":5000000.0,\"startDate\":\"2025-05-30\",\"endDate\":\"2025-06-01\",\"people\":9}]', '2025-05-27 01:08:01.021131', 'chatbot'),
('c2f9cea6-2f47-40a5-9fee-0fd0d310f33d', '694daf43-6b8c-4852-aa77-02dbefc18bdd', 'Hà nội đà nẵng', '2025-05-27 00:51:34.628921', 'customer'),
('e02f7e3a-e958-43ba-babf-5095c2633bd9', '694daf43-6b8c-4852-aa77-02dbefc18bdd', 'Không tìm được tour phù hợp với yêu cầu.', '2025-05-27 00:51:16.658099', 'chatbot'),
('ff42d1c7-8e55-4676-bfea-3e88f1fe4745', '694daf43-6b8c-4852-aa77-02dbefc18bdd', '[{\"id\":\"68f11a1b-7f72-4e63-8b8a-c21261c37d72\",\"name\":\"MIỀN TRUNG 3N2Đ | ĐÀ NẴNG – CÙ LAO CHÀM – HỘI AN – BÀ NÀ\",\"destination\":\"ĐÀ NẴNG – CÙ LAO CHÀM – HỘI AN – BÀ NÀ\",\"image\":\"https://res.cloudinary.com/doie0qiiq/image/upload/v1747329424/saoviet/pzukbcxa4m48xqrhvgth.png\",\"quantityDay\":3,\"adultPrice\":6000000.0,\"startDate\":\"2025-05-27\",\"endDate\":\"2025-05-29\",\"people\":20}]', '2025-05-27 00:51:34.652088', 'chatbot');

-- --------------------------------------------------------

--
-- Table structure for table `news`
--

CREATE TABLE `news` (
  `id` varchar(255) COLLATE utf8mb4_vietnamese_ci NOT NULL,
  `code` varchar(255) COLLATE utf8mb4_vietnamese_ci DEFAULT NULL,
  `content` longtext COLLATE utf8mb4_vietnamese_ci,
  `image` varchar(255) COLLATE utf8mb4_vietnamese_ci DEFAULT NULL,
  `summary` text COLLATE utf8mb4_vietnamese_ci,
  `time_stamp` datetime(6) DEFAULT NULL,
  `title` varchar(1000) COLLATE utf8mb4_vietnamese_ci DEFAULT NULL,
  `type` varchar(255) COLLATE utf8mb4_vietnamese_ci DEFAULT NULL,
  `view_count` int DEFAULT NULL
) ENGINE=InnoDB DEFAULT CHARSET=utf8mb4 COLLATE=utf8mb4_vietnamese_ci;

--
-- Dumping data for table `news`
--

INSERT INTO `news` (`id`, `code`, `content`, `image`, `summary`, `time_stamp`, `title`, `type`, `view_count`) VALUES
('2b113239-150f-4dd5-99e8-02b97bbb12d0', 'N20250004', '<p><img alt=\"Cách trung tâm Hà Nội khoảng 60 km, Ba Vì luôn là điểm đến được nhắc tên đầu tiên. Với khí hậu mát mẻ quanh năm, rừng quốc gia Ba Vì là nơi lý tưởng để trekking nhẹ, cắm trại hoặc đơn giản là đi dạo dưới tán rừng thông. Khu vực Đền Thượng, Đền Trung, nhà thờ cổ Pháp hay đồi cỏ lau là những điểm check-in được nhiều bạn trẻ ưa chuộng. Ảnh Camping sport\" src=\"https://cdn.24h.com.vn/upload/2-2025/images/2025-05-26/rs_740_1748229426-ba-vi-width740height494.jpg\" /></p>\n\n<p>C&aacute;ch trung t&acirc;m H&agrave; Nội khoảng 60 km, Ba V&igrave; lu&ocirc;n l&agrave; điểm đến được nhắc t&ecirc;n đầu ti&ecirc;n. Với kh&iacute; hậu m&aacute;t mẻ quanh năm, rừng quốc gia Ba V&igrave; l&agrave; nơi l&yacute; tưởng để trekking nhẹ, cắm trại hoặc đơn giản l&agrave; đi dạo dưới t&aacute;n rừng th&ocirc;ng. Khu vực Đền Thượng, Đền Trung, nh&agrave; thờ cổ Ph&aacute;p hay đồi cỏ lau l&agrave; những điểm check-in được nhiều bạn trẻ ưa chuộng.</p>\n\n<p><img src=\"https://cdn.24h.com.vn/upload/2-2025/images/2025-05-26/rs_740_1748229426-ba-vi1-width740height494.jpg\" /></p>\n\n<p>Homestay v&agrave; farmstay mọc l&ecirc;n ng&agrave;y c&agrave;ng nhiều ở Ba V&igrave;, cung cấp kh&ocirc;ng gian ri&ecirc;ng tư, gần gũi thi&ecirc;n nhi&ecirc;n, phục vụ cả nh&oacute;m bạn lẫn gia đ&igrave;nh nhỏ.</p>\n\n<p><img src=\"https://cdn.24h.com.vn/upload/2-2025/images/2025-05-26/rs_740_1748229427-tam-dao-da-lat-thu-nho-gan-ha-1-width740height495.jpg\" /><br />\nC&aacute;ch thủ đ&ocirc; chừng 80 km, Tam Đảo (Vĩnh Ph&uacute;c) hấp dẫn du kh&aacute;ch nhờ kh&iacute; hậu m&aacute;t mẻ v&agrave; sương m&ugrave; đặc trưng. D&ugrave; đường l&ecirc;n kh&aacute; dốc, nhưng cảnh sắc hữu t&igrave;nh, kh&ocirc;ng kh&iacute; se lạnh v&agrave; những g&oacute;c qu&aacute;n c&agrave; ph&ecirc; tr&ecirc;n cao gi&uacute;p nơi đ&acirc;y trở th&agrave;nh một trong những điểm chill &ldquo;c&oacute; gu&rdquo; bậc nhất miền Bắc.<br />\n<img src=\"https://cdn.24h.com.vn/upload/2-2025/images/2025-05-26/rs_740_1748229427-tam-dao-da-lat-thu-nho-gan-ha-noi-width740height555.jpg\" /></p>\n\n<p>Du kh&aacute;ch c&oacute; thể gh&eacute; thăm nh&agrave; thờ đ&aacute; cổ, th&aacute;c Bạc, cầu M&acirc;y hay đơn giản l&agrave; thưởng thức ly tr&agrave; n&oacute;ng trong qu&aacute;n c&agrave; ph&ecirc; m&acirc;y tr&ocirc;i giữa l&agrave;n kh&oacute;i bảng lảng. C&aacute;c villa, resort ở Tam Đảo hiện nay đều được đầu tư về thiết kế, tiện nghi, th&iacute;ch hợp cho kỳ nghỉ ngắn nhưng vẫn đủ thư gi&atilde;n.<br />\n<img src=\"https://cdn.24h.com.vn/upload/2-2025/images/2025-05-26/1748229427-dai-lai-width600height600.jpg\" /></p>\n\n<p>Với mặt hồ rộng lớn, rừng c&acirc;y xanh m&aacute;t v&agrave; những resort nghỉ dưỡng ven hồ, Đại Lải (Vĩnh Ph&uacute;c) c&aacute;ch H&agrave; Nội chỉ hơn 50 km cũng l&agrave; một điểm dừng ch&acirc;n y&ecirc;n tĩnh dịp cuối tuần. FLC Đại Lải, Flamingo hay c&aacute;c khu homestay biệt lập l&agrave; nơi l&yacute; tưởng cho nghỉ dưỡng kết hợp spa, yoga v&agrave; ẩm thực giữa thi&ecirc;n nhi&ecirc;n.</p>\n\n<p><img src=\"https://cdn.24h.com.vn/upload/2-2025/images/2025-05-26/1748229427-dai-lai1-width640height400.jpg\" /><br />\nMột số khu c&ograve;n tổ chức hoạt động ch&egrave;o thuyền kayak, đạp xe quanh hồ, tiệc BBQ ri&ecirc;ng tư cho c&aacute;c nh&oacute;m bạn hoặc gia đ&igrave;nh. Kh&ocirc;ng gian rộng r&atilde;i v&agrave; kh&iacute; hậu trong l&agrave;nh khiến nơi đ&acirc;y được v&iacute; như &ldquo;ốc đảo&rdquo; gần thủ đ&ocirc;.<br />\n<img src=\"https://cdn.24h.com.vn/upload/2-2025/images/2025-05-26/1748229427-lang-co-duong-lam-7462-width700height438.jpg\" /></p>\n\n<p>Chỉ c&aacute;ch H&agrave; Nội khoảng 44 km, l&agrave;ng cổ Đường L&acirc;m (thị x&atilde; Sơn T&acirc;y) l&agrave; lựa chọn l&yacute; tưởng cho những ai y&ecirc;u vẻ đẹp truyền thống. Với những ng&ocirc;i nh&agrave; m&aacute;i ng&oacute;i r&ecirc;u phong, tường đ&aacute; ong, c&acirc;y đa giếng nước s&acirc;n đ&igrave;nh &ndash; nơi đ&acirc;y mang lại cảm gi&aacute;c b&igrave;nh y&ecirc;n, chậm r&atilde;i rất kh&aacute;c với kh&ocirc;ng kh&iacute; của đ&ocirc; thị.</p>\n\n<p><img src=\"https://cdn.24h.com.vn/upload/2-2025/images/2025-05-26/rs_740_1748229428-mai-chau-width740height444.jpg\" /><br />\nXa hơn một ch&uacute;t, c&aacute;ch H&agrave; Nội khoảng 140 km, Mai Ch&acirc;u (H&ograve;a B&igrave;nh) vẫn đủ gần để trở th&agrave;nh điểm đến cuối tuần. Những bản l&agrave;ng người Th&aacute;i nằm giữa thung lũng, ruộng bậc thang v&agrave; nh&agrave; s&agrave;n truyền thống tạo n&ecirc;n bức tranh y&ecirc;n b&igrave;nh v&agrave; thi vị.</p>\n', 'https://res.cloudinary.com/doie0qiiq/image/upload/v1748351808/saoviet/gkb5fgqobilbwawsezfd.jpg', 'Nếu bạn đang tìm một nơi để \"đi trốn\" khỏi nhịp sống hối hả của Hà Nội vào dịp cuối tuần, dưới đây là những điểm đến lý tưởng vừa gần, vừa dễ đi, lại mang đến cảm giác thư giãn...', '2025-05-27 20:25:14.559949', 'Gợi ý điểm đến gần Hà Nội cho cuối tuần nhẹ nhàng, thư giãn', 'Nổi bật', 2),
('9635da8f-36e5-4a0d-94e2-85044fea0f36', 'N20250003', '<h3><strong>Quy Nhơn m&ugrave;a n&agrave;o đẹp</strong></h3>\n\n<p>M&ugrave;a mưa chỉ k&eacute;o d&agrave;i 2-3 th&aacute;ng cuối năm, thời gian c&ograve;n lại trong năm tiết trời kh&ocirc; r&aacute;o, đặc biệt khoảng thời gian th&aacute;ng 3-9. M&ugrave;a h&egrave; từ th&aacute;ng 5 đến 9 nắng nhưng kh&ocirc;ng oi bức, kh&oacute; chịu, kh&ocirc;ng bị ảnh hưởng mưa b&atilde;o n&ecirc;n th&iacute;ch hợp để du kh&aacute;ch tham gia c&aacute;c hoạt động vui chơi, giải tr&iacute; cả tr&ecirc;n bờ lẫn dưới biển.</p>\n\n<h3><strong>Di chuyển</strong></h3>\n\n<p>Hiện nay c&aacute;c h&atilde;ng bay tại Việt Nam như Vietnam Airlines, Vietjet Air v&agrave; Bamboo Airways đều khai th&aacute;c tuyến H&agrave; Nội v&agrave; TP HCM đến Quy Nhơn, gi&aacute; v&eacute; khứ hồi từ khoảng 1.500.000 - 4.000.000 đồng một người, t&ugrave;y thời điểm.</p>\n\n<p><img alt=\"\" src=\"https://i1-dulich.vnecdn.net/2022/06/17/4-QN-1583461845-1111-159316411-8526-8690-1655448391.jpg?w=0&amp;h=0&amp;q=100&amp;dpr=1&amp;fit=crop&amp;s=f9TV9HVJkJrQrySM8d4u4A\" /></p>\n\n<p>Cung đường bộ đi tới Kỳ Co. Ảnh:&nbsp;<em>Kh&aacute;nh Trần.</em></p>\n\n<p>Từ s&acirc;n bay Ph&ugrave; C&aacute;t về trung t&acirc;m TP Quy Nhơn c&oacute; xe bu&yacute;t với gi&aacute; 50.000 đồng một người, ph&ugrave; hợp kh&aacute;ch đi lẻ, hoặc taxi gi&aacute; 200.000 - 250.000 đồng một chuyến. Ngo&agrave;i m&aacute;y bay du kh&aacute;ch vẫn c&oacute; thể đi &ocirc;t&ocirc; kh&aacute;ch hoặc t&agrave;u hỏa từ c&aacute;c tỉnh l&acirc;n cận.</p>\n\n<p>Di chuyển trong th&agrave;nh phố, du kh&aacute;ch thu&ecirc; xe m&aacute;y 100.000 - 150.000 đồng một ng&agrave;y hoặc thu&ecirc; taxi, &ocirc;t&ocirc; để tới những điểm xa hơn. Nếu chỉ đi lại trong c&aacute;c phố trung t&acirc;m nhưng nh&oacute;m đ&ocirc;ng 8-15 người c&oacute; thể chọn xe điện với gi&aacute; 25.000 đồng một km v&agrave; 250.000 đồng cho 60 ph&uacute;t.</p>\n\n<h3><strong>Kh&aacute;ch sạn, homestay</strong></h3>\n\n<p>Du kh&aacute;ch đi theo nh&oacute;m bạn hoặc một m&igrave;nh muốn t&igrave;m chỗ ở với gi&aacute; rẻ c&oacute; thể chọn c&aacute;c&nbsp;<a href=\"https://vnexpress.net/3-homestay-ven-bien-hut-khach-o-quy-nhon-4119122.html\">homestay, hostel</a>&nbsp;hoặc kh&aacute;ch sạn 2-3 sao từ 150.000 - 400.000 đồng một đ&ecirc;m. Cần y&ecirc;n tĩnh v&agrave; tiện nghi bạn h&atilde;y t&igrave;m c&aacute;c kh&aacute;ch sạn đường T&acirc;y Sơn, An Dương Vương, H&agrave;n Mặc Tử... C&ograve;n nếu muốn ở gần biển th&igrave; t&igrave;m tới c&aacute;c con đường như Nguyễn Huệ, Xu&acirc;n Diệu quanh tượng đ&agrave;i Nguyễn Tất Th&agrave;nh hay ở B&atilde;i X&eacute;p, Kỳ Co, Eo Gi&oacute;...</p>\n\n<p><a href=\"https://i1-dulich.vnecdn.net/2022/06/17/82818747-2565205560416758-2610-7525-4364-1655448392.jpg?w=0&amp;h=0&amp;q=100&amp;dpr=1&amp;fit=crop&amp;s=QJjEJsSODqHGCOeJsY-mSA\"><img alt=\"82818747-2565205560416758-2610-2652-8170\" src=\"https://i1-dulich.vnecdn.net/2022/06/17/82818747-2565205560416758-2610-7525-4364-1655448392.jpg?w=0&amp;h=0&amp;q=100&amp;dpr=1&amp;fit=crop&amp;s=QJjEJsSODqHGCOeJsY-mSA\" /></a></p>\n\n<p>&nbsp;</p>\n\n<p><a href=\"https://i1-dulich.vnecdn.net/2022/06/17/resort-quynhon-7716-1593164111-5468-7063-1655448393.jpg?w=0&amp;h=0&amp;q=100&amp;dpr=1&amp;fit=crop&amp;s=PRLbxIlMz4K9hXcODevj7g\"><img alt=\"resort-quynhon-7716-1593164111.jpg\" src=\"https://i1-dulich.vnecdn.net/2022/06/17/resort-quynhon-7716-1593164111-5468-7063-1655448393.jpg?w=0&amp;h=0&amp;q=100&amp;dpr=1&amp;fit=crop&amp;s=PRLbxIlMz4K9hXcODevj7g\" /></a></p>\n\n<p><a href=\"https://i1-dulich.vnecdn.net/2022/06/17/salah-hotel-3343-1593059854-30-6463-7732-1655448393.jpg?w=0&amp;h=0&amp;q=100&amp;dpr=1&amp;fit=crop&amp;s=s9AJY9hxw52hZNJ7_4Pxlw\"><img alt=\"salah-hotel-3343-1593059854.jpg\" src=\"https://i1-dulich.vnecdn.net/2022/06/17/salah-hotel-3343-1593059854-30-6463-7732-1655448393.jpg?w=0&amp;h=0&amp;q=100&amp;dpr=1&amp;fit=crop&amp;s=s9AJY9hxw52hZNJ7_4Pxlw\" /></a></p>\n\n<p>&nbsp;</p>\n\n<p><a href=\"https://i1-dulich.vnecdn.net/2022/06/17/89693132-147906940024370-82059-6442-9798-1655448394.jpg?w=0&amp;h=0&amp;q=100&amp;dpr=1&amp;fit=crop&amp;s=TnvtCpyFTluiW3CZvRtH3w\"><img alt=\"89693132-147906940024370-82059-7593-2244\" src=\"https://i1-dulich.vnecdn.net/2022/06/17/89693132-147906940024370-82059-6442-9798-1655448394.jpg?w=0&amp;h=0&amp;q=100&amp;dpr=1&amp;fit=crop&amp;s=TnvtCpyFTluiW3CZvRtH3w\" /></a></p>\n\n<p>&nbsp;</p>\n\n<p><a href=\"https://i1-dulich.vnecdn.net/2022/06/17/homestay-quy-nhon-4588-1592910-1801-3454-1655448395.jpg?w=0&amp;h=0&amp;q=100&amp;dpr=1&amp;fit=crop&amp;s=ENWtFaJ5dwKcUBIGwiUS7w\"><img alt=\"homestay-quy-nhon-4588-1592910738.jpg\" src=\"https://i1-dulich.vnecdn.net/2022/06/17/homestay-quy-nhon-4588-1592910-1801-3454-1655448395.jpg?w=0&amp;h=0&amp;q=100&amp;dpr=1&amp;fit=crop&amp;s=ENWtFaJ5dwKcUBIGwiUS7w\" /></a></p>\n\n<p>Một số địa chỉ được du kh&aacute;ch y&ecirc;u th&iacute;ch v&agrave; c&oacute; vị tr&iacute; thuận tiện để di chuyển l&agrave;: Life&#39;s a beach, Mira B&atilde;i X&eacute;p, Quy Nhơn Balahouse, La beach house Nhơn L&yacute;, kh&aacute;ch sạn Salah, Seagate bungalow, Qu&ecirc; Hương, Sea view Quy Nhơn...</p>\n\n<p>Để tận hưởng c&aacute;c dịch vụ sang trọng v&agrave; nhiều tiện nghi hơn như bể bơi, b&atilde;i biển ri&ecirc;ng, spa, gym hay ph&ograve;ng view biển, du kh&aacute;ch h&atilde;y c&acirc;n nhắc đến&nbsp;<a href=\"https://vnexpress.net/5-khu-nghi-co-bai-bien-rieng-tai-quy-nhon-4466666.html\">c&aacute;c khu nghỉ dưỡng</a>&nbsp;như Crown Retreat, Avani Quy Nhơn, FLC Quy Nhơn, Casa Marina, Aurora... M&ugrave;a h&egrave; n&agrave;y, gi&aacute; ph&ograve;ng tại resort, kh&aacute;ch sạn 4- 5 sao từ 1.500.000 đến 5.000.000 đồng một đ&ecirc;m.</p>\n\n<h3><strong>Ăn uống</strong></h3>\n\n<p><strong>Đặc sản</strong></p>\n\n<p>C&oacute; rất nhiều đặc sản m&agrave; du kh&aacute;ch n&agrave;o đặt ch&acirc;n tới đ&acirc;y cũng thưởng thức như b&aacute;nh canh chả c&aacute;, b&aacute;nh x&egrave;o t&ocirc;m nhảy, b&aacute;nh hỏi ch&aacute;o l&ograve;ng, nem nướng, nem cuốn, b&aacute;nh m&igrave; lagu, b&aacute;nh canh, b&aacute;nh khọt t&ocirc;m mực... Ngo&agrave;i ra, ở Quy Nhơn những ng&agrave;y h&egrave; du kh&aacute;ch kh&ocirc;ng thể bỏ qua c&aacute;c loại hải sản tươi ngon như ốc, s&ograve;, ngh&ecirc;u, h&agrave;u, t&ocirc;m h&ugrave;m, ghẹ, c&aacute; b&oacute;p, cua huỳnh đế...</p>\n\n<p><img alt=\"\" src=\"https://i1-dulich.vnecdn.net/2022/06/17/Ride-iyle-1-4555-1593164111-56-7007-2380-1655448395.png?w=0&amp;h=0&amp;q=100&amp;dpr=1&amp;fit=crop&amp;s=n4gszbBV8qB1dM-5jDaAAg\" /></p>\n\n<p>Chỉ cần dạo một v&ograve;ng th&agrave;nh phố biển du kh&aacute;ch cũng t&igrave;m thấy rất nhiều qu&aacute;n ăn ngon, gi&aacute; cả phải chăng:</p>\n\n<ul>\n	<li>Phố ốc Ngọc H&acirc;n C&ocirc;ng Ch&uacute;a</li>\n	<li>Phố ẩm thực Ng&ocirc; Văn Sở</li>\n	<li>B&aacute;nh m&igrave; lagu, 132 Ng&ocirc; M&acirc;y</li>\n	<li>B&aacute;nh khọt, 19 H&agrave;n Thuy&ecirc;n</li>\n	<li>B&aacute;nh b&egrave;o b&agrave; X&ecirc;, đường Nguyễn Tất Th&agrave;nh nối d&agrave;i</li>\n	<li>B&uacute;n c&aacute; b&agrave; Thu, 157 Nguyễn Huệ</li>\n	<li>Nem nướng c&ocirc; Tuyết, Hải Thượng L&atilde;n &Ocirc;ng</li>\n	<li>Qu&aacute;n cơm g&agrave; Qu&ecirc; Hương, đường L&ecirc; Hồng Phong</li>\n	<li>Cơm Mậu, 179a Phan Bội Ch&acirc;u</li>\n	<li>Cơm Bếp Nh&agrave; 1989, 159 Phan Bội Ch&acirc;u</li>\n	<li>Qu&aacute;n Thảo Nguy&ecirc;n - hải sản B&atilde;i X&eacute;p</li>\n	<li>Nh&agrave; t&agrave;u hải sản Hoa Hoa, ngay cảng Quy Nhơn<br />\n	Xem th&ecirc;m:&nbsp;<a href=\"https://vnexpress.net/4-khu-pho-hut-khach-ve-dem-o-quy-nhon-4115602.html\">4 khu phố h&uacute;t kh&aacute;ch về đ&ecirc;m ở Quy Nhơn</a></li>\n</ul>\n\n<p><strong>Qu&aacute;n c&agrave; ph&ecirc;, tr&agrave; sữa, bar</strong></p>\n\n<p>L&agrave; th&agrave;nh phố du lịch mới ph&aacute;t triển độ 5-6 năm gần đ&acirc;y n&ecirc;n c&aacute;c qu&aacute;n c&agrave; ph&ecirc;, tr&agrave; sữa, tr&agrave; chanh chưa thực sự nở rộ, nhưng cũng c&oacute; một số địa chỉ được cả du kh&aacute;ch v&agrave; d&acirc;n địa phương y&ecirc;u th&iacute;ch. C&aacute;c&nbsp;<a href=\"https://vnexpress.net/3-quan-ca-phe-me-hoac-gioi-tre-quy-nhon-4117101.html\">địa chỉ c&agrave; ph&ecirc;</a>&nbsp;giới trẻ lựa chọn l&agrave; Adiuvat, Mango Tree, Kho book &amp; cafe, Marina, Green cafe, Surf bar....</p>\n\n<p>Đồ uống được nhiều người đ&aacute;nh gi&aacute; ngon v&agrave; rẻ hơn nhiều th&agrave;nh phố du lịch kh&aacute;c. Chỉ từ 20.000 đến 50.000 đồng bạn đ&atilde; được tận hưởng những t&aacute;ch c&agrave; ph&ecirc; thơm hay ly tr&agrave; sữa, sinh tố ngon trong kh&ocirc;ng gian tho&aacute;ng đ&atilde;ng.</p>\n\n<p><img alt=\"\" src=\"https://i1-dulich.vnecdn.net/2022/06/17/cafe-quy-nhon-edit-6013-159291-6443-2745-1655448396.jpg?w=0&amp;h=0&amp;q=100&amp;dpr=1&amp;fit=crop&amp;s=iFL_3WkJWAFqTnQ2p2Q9QA\" /></p>\n\n<h3><strong>Chơi đ&acirc;u</strong></h3>\n\n<p><img alt=\"\" src=\"https://i1-dulich.vnecdn.net/2022/06/17/thy-dang-1-7217-1593164115-205-6555-2750-1655448397.jpg?w=0&amp;h=0&amp;q=100&amp;dpr=1&amp;fit=crop&amp;s=uS0wEs_2YyLOUqlnAtnJ-w\" /></p>\n\n<p>Du kh&aacute;ch ở H&ograve;n Kh&ocirc;. Ảnh:&nbsp;<em>thy.dang</em></p>\n\n<p><strong>Nhơn Hải - H&ograve;n Kh&ocirc;</strong></p>\n\n<p>Từ trung t&acirc;m th&agrave;nh phố, đi qua cầu Thị Nại, tới b&aacute;n đảo Phương Mai rẽ phải l&agrave; hướng tới l&agrave;ng ch&agrave;i Nhơn Hải. H&ograve;n Kh&ocirc; v&agrave; l&agrave;ng ch&agrave;i Nhơn Hải l&agrave; điểm đến hấp dẫn nhờ v&agrave;o cảnh đẹp hoang sơ v&agrave; con người thật th&agrave;, chất ph&aacute;c. Từ l&agrave;ng ch&agrave;i du kh&aacute;ch đ&oacute;n cano hoặc t&agrave;u ra H&ograve;n Kh&ocirc; chỉ khoảng 10 ph&uacute;t với chi ph&iacute; khứ hồi từ 100.000 đồng một người. H&ograve;n Kh&ocirc; l&agrave; điểm n&ecirc;n đi tour trong ng&agrave;y hoặc một buổi. Tr&ecirc;n H&ograve;n Kh&ocirc; chưa c&oacute; nhiều dịch vụ du lịch nhưng hiện c&oacute; c&acirc;y cầu gỗ x&acirc;y ven đảo rất h&uacute;t kh&aacute;ch tới chụp h&igrave;nh. Tour H&ograve;n Kh&ocirc; trong ng&agrave;y c&oacute; gi&aacute; chỉ từ 220.000 đồng một người.</p>\n\n<p><strong>Kỳ Co - Eo Gi&oacute;</strong></p>\n\n<p>Với biển xanh c&aacute;t trắng nắng v&agrave;ng,&nbsp;<a href=\"https://vnexpress.net/cam-nang-du-lich-ky-co-4475856.html\">Kỳ Co</a>&nbsp;thuộc x&atilde; Nhơn L&yacute; c&aacute;ch trung t&acirc;m 25 km được nhiều người v&iacute; như Maldives Việt Nam. Du kh&aacute;ch c&oacute; thể đi bằng cano từ Eo Gi&oacute; hoặc đi đường bộ tới Kỳ Co rồi đ&oacute;n tour cano tới Eo Gi&oacute; hoặc c&aacute;c b&atilde;i lặn ngắm san h&ocirc;. V&eacute; tham quan Kỳ Co l&agrave; 100.000 đồng một người v&agrave; v&eacute; xe trung chuyển chặng cuối 40.000 đồng một người. Ngo&agrave;i c&aacute;c hoạt động tắm, lặn du kh&aacute;ch c&oacute; thể thu&ecirc; ch&ograve;i thư gi&atilde;n b&ecirc;n bờ biển, chơi moto nước, d&ugrave; k&eacute;o, cắm lều trại hoặc nghỉ tại kh&aacute;ch sạn ngay trong khu du lịch. B&atilde;i Kỳ Co một mặt gi&aacute;p biển, ba mặt gi&aacute;p n&uacute;i đồi, s&oacute;ng &ecirc;m v&agrave; nước xanh, l&yacute; tưởng cho một chuyến nghỉ h&egrave; ngắn ng&agrave;y.</p>\n\n<p><img alt=\"\" src=\"https://i1-dulich.vnecdn.net/2022/06/17/eogio-chimom-4705-1593164115-1-6736-5082-1655448397.jpg?w=0&amp;h=0&amp;q=100&amp;dpr=1&amp;fit=crop&amp;s=cn5aRoYGDxku2K2zk8qm-w\" /></p>\n\n<p>Du kh&aacute;ch tham quan những con đường đi bộ uốn lượn theo sườn n&uacute;i ở Eo Gi&oacute; giữa th&aacute;ng 6/2020. Ảnh:&nbsp;<em>Kh&aacute;nh Trần</em></p>\n\n<p>C&aacute;ch Kỳ Co kh&ocirc;ng xa l&agrave; Eo Gi&oacute;, nơi c&oacute; con đường đi bộ &ocirc;m theo sườn n&uacute;i v&agrave; view biển đẹp ngoạn mục. V&eacute; tham quan Eo Gi&oacute; 25.000 đồng một người, sau khi tham quan con đường bộ du kh&aacute;ch dư thời gian n&ecirc;n gh&eacute; qua Tịnh x&aacute; Ngọc H&ograve;a, Linh Phong Sơn Tự... Tour một ng&agrave;y đi cano, lặn ngắm san h&ocirc;, ăn trưa hải sản ở Kỳ Co - Eo Gi&oacute; c&oacute; gi&aacute; từ 700.000 đồng một người.</p>\n\n<p><strong>Khu du lịch Cửa Biển</strong></p>\n\n<p>Từ trung t&acirc;m chỉ cần đi qua cầu Thị Nại rẽ phải ngay l&agrave; tới khu du lịch. Đ&acirc;y l&agrave; c&ocirc;ng vi&ecirc;n giải tr&iacute; c&oacute; khu&ocirc;n vi&ecirc;n rộng cả tr&ecirc;n bờ lẫn dưới nước với nhiều hoạt động ngo&agrave;i trời hấp dẫn như zipline, leo n&uacute;i nh&acirc;n tạo, bắn cung, đạp xe, ch&egrave;o kayak, c&ocirc;ng vi&ecirc;n nước phao nổi... Với v&eacute; người lớn 300.000 đồng, trẻ em 200.000 đồng, du kh&aacute;ch được chơi hết c&aacute;c tr&ograve; kh&ocirc;ng giới hạn thời gian. Hoặc với mỗi tr&ograve; chơi du kh&aacute;ch mua v&eacute; ri&ecirc;ng 50.000 đồng một người. Khu du lịch c&ograve;n x&acirc;y dựng c&aacute;c g&oacute;c &quot;sống ảo&quot;, cắm lều, đốt lửa trại, l&agrave;m tiệc nướng ngay s&aacute;t bờ biển. Giờ mở cửa từ 7h 30 - 18h30 h&agrave;ng ng&agrave;y. Nếu du kh&aacute;ch nghỉ qua đ&ecirc;m tại c&aacute;c bungalow của khu du lịch sẽ được tham gia c&aacute;c tr&ograve; chơi m&agrave; kh&ocirc;ng mất th&ecirc;m ph&iacute;.</p>\n\n<p><strong>Khu d&atilde; ngoại Trung Lương</strong></p>\n\n<p><img alt=\"\" src=\"https://i1-dulich.vnecdn.net/2022/06/17/Anh-4-2908-1592797174-7391-159-1440-4262-1655448397.jpg?w=0&amp;h=0&amp;q=100&amp;dpr=1&amp;fit=crop&amp;s=a6gMUgl32Nh6pkIoiCEFYg\" /></p>\n\n<p>Khu ngủ lều, cắm trại ở Trung Lương. Ảnh:&nbsp;<em>Lan Anh.</em></p>\n\n<p>Thuộc th&ocirc;n Trung Lương, x&atilde; C&aacute;t Tiến, huyện Ph&ugrave; C&aacute;t, khu d&atilde; ngoại n&agrave;y l&agrave; một trong những điểm đến y&ecirc;u th&iacute;ch nhất của giới trẻ. B&ecirc;n trong khu d&atilde; ngoại gồm nhiều khu vực như cắm trại, ngủ nh&agrave; lều, b&atilde;i tắm v&agrave; chơi c&aacute;c tr&ograve; dưới biển, nh&agrave; h&agrave;ng, qu&aacute;n c&agrave; ph&ecirc;, cổng trời check-in... Được chăm ch&uacute;t trồng th&ecirc;m c&acirc;y cảnh v&agrave; hoa kết hợp vị tr&iacute; v&agrave; phong cảnh đẹp vốn c&oacute; của c&aacute;c n&uacute;i đ&aacute;, b&atilde;i biển xung quanh, khu d&atilde; ngoại rất hợp để du lịch theo nh&oacute;m bạn b&egrave; hoặc gia đ&igrave;nh. Giờ mở cửa từ 8h - 20h h&agrave;ng ng&agrave;y. V&eacute; v&agrave;o cổng 40.000 đồng/ người, lưu &yacute; khi v&agrave;o du kh&aacute;ch kh&ocirc;ng đem theo đồ ăn thức uống b&ecirc;n ngo&agrave;i. Gi&aacute; thu&ecirc; lều ngủ qua đ&ecirc;m khoảng 300.000 đồng hai người.</p>\n\n<p><strong>Trung t&acirc;m kh&aacute;m ph&aacute; khoa học (ExploraScience)</strong></p>\n\n<p>C&aacute;ch th&agrave;nh phố 5 km về ph&iacute;a nam, trung t&acirc;m nằm ở số 10, Đại lộ Khoa học, phường Ghềnh R&aacute;ng. Từ 1/1/2023, v&eacute; v&agrave;o cửa l&agrave; 40.000 đồng một người với khu thiếu nhi. V&eacute; tham gia hoạt động trải nghiệm về thi&ecirc;n văn học tại Trạm quan s&aacute;t thi&ecirc;n văn phổ th&ocirc;ng ban đ&ecirc;m (từ 18h đến 22h) l&agrave; 150.000 đồng một người. C&oacute; một số trường hợp đặc biệt được giảm gi&aacute;, du kh&aacute;ch n&ecirc;n li&ecirc;n hệ trước với Trung t&acirc;m.</p>\n\n<p>ExporaScience Quy Nhơn l&agrave; tổ hợp kh&ocirc;ng gian khoa học d&agrave;nh cho c&aacute;c đối tượng học sinh, sinh vi&ecirc;n. Trung t&acirc;m c&oacute; nhiều hoạt động v&agrave; c&aacute;c ph&ograve;ng kh&aacute;m ph&aacute;, vui chơi chủ đề vũ trụ, vật l&yacute;, h&oacute;a học... Hiện nơi đ&acirc;y đang mở cửa miễn ph&iacute; cho kh&aacute;ch tham quan nhưng cần li&ecirc;n hệ trước v&agrave; tổ chức đi theo đo&agrave;n.</p>\n\n<p><a href=\"https://i1-dulich.vnecdn.net/2022/06/17/DSCF7020-JPG-2341-1593164116-9-8335-1666-1655448398.jpg?w=0&amp;h=0&amp;q=100&amp;dpr=1&amp;fit=crop&amp;s=SDEfjBlE73H2fR8Rn_nSPw\"><img alt=\"DSCF7020-JPG-2341-1593164116.jpg\" src=\"https://i1-dulich.vnecdn.net/2022/06/17/DSCF7020-JPG-2341-1593164116-9-8335-1666-1655448398.jpg?w=0&amp;h=0&amp;q=100&amp;dpr=1&amp;fit=crop&amp;s=SDEfjBlE73H2fR8Rn_nSPw\" /></a></p>\n\n<p>&nbsp;</p>\n\n<p><a href=\"https://i1-dulich.vnecdn.net/2022/06/17/DSCF7082-JPG-7129-1593164116-5-7619-4319-1655448399.jpg?w=0&amp;h=0&amp;q=100&amp;dpr=1&amp;fit=crop&amp;s=j0m02rGDy4xE8rP7n61CVg\"><img alt=\"DSCF7082-JPG-7129-1593164116.jpg\" src=\"https://i1-dulich.vnecdn.net/2022/06/17/DSCF7082-JPG-7129-1593164116-5-7619-4319-1655448399.jpg?w=0&amp;h=0&amp;q=100&amp;dpr=1&amp;fit=crop&amp;s=j0m02rGDy4xE8rP7n61CVg\" /></a></p>\n\n<p><a href=\"https://i1-dulich.vnecdn.net/2022/06/17/DSCF7040-JPG-6152-1593164117-2-2052-5361-1655448399.jpg?w=0&amp;h=0&amp;q=100&amp;dpr=1&amp;fit=crop&amp;s=x1V_3L2Go5eFJFoOhA8DFA\"><img alt=\"DSCF7040-JPG-6152-1593164117.jpg\" src=\"https://i1-dulich.vnecdn.net/2022/06/17/DSCF7040-JPG-6152-1593164117-2-2052-5361-1655448399.jpg?w=0&amp;h=0&amp;q=100&amp;dpr=1&amp;fit=crop&amp;s=x1V_3L2Go5eFJFoOhA8DFA\" /></a></p>\n\n<p>&nbsp;</p>\n\n<p><a href=\"https://i1-dulich.vnecdn.net/2022/06/17/DSCF7052-JPG-5019-1593164117-2-5160-5962-1655448400.jpg?w=0&amp;h=0&amp;q=100&amp;dpr=1&amp;fit=crop&amp;s=9IxYAHAnBzXCZnKgbSYiNQ\"><img alt=\"DSCF7052-JPG-5019-1593164117.jpg\" src=\"https://i1-dulich.vnecdn.net/2022/06/17/DSCF7052-JPG-5019-1593164117-2-5160-5962-1655448400.jpg?w=0&amp;h=0&amp;q=100&amp;dpr=1&amp;fit=crop&amp;s=9IxYAHAnBzXCZnKgbSYiNQ\" /></a></p>\n\n<p>&nbsp;</p>\n\n<p><a href=\"https://i1-dulich.vnecdn.net/2022/06/17/DSCF7035-JPG-3652-1593164118-8-8305-3716-1655448401.jpg?w=0&amp;h=0&amp;q=100&amp;dpr=1&amp;fit=crop&amp;s=IXWigw48FlJboThUX8e7gQ\"><img alt=\"DSCF7035-JPG-3652-1593164118.jpg\" src=\"https://i1-dulich.vnecdn.net/2022/06/17/DSCF7035-JPG-3652-1593164118-8-8305-3716-1655448401.jpg?w=0&amp;h=0&amp;q=100&amp;dpr=1&amp;fit=crop&amp;s=IXWigw48FlJboThUX8e7gQ\" /></a></p>\n\n<p><strong>Ghềnh R&aacute;ng Ti&ecirc;n Sa</strong></p>\n\n<p>C&aacute;ch trung t&acirc;m th&agrave;nh phố khoảng 3 km về ph&iacute;a đ&ocirc;ng nam, Ghềnh R&aacute;ng Ti&ecirc;n Sa l&agrave; cụm điểm du lịch gồm quần thể b&atilde;i đ&aacute; Ghềnh R&aacute;ng, b&atilde;i Ti&ecirc;n Sa, b&atilde;i tắm Ho&agrave;ng Hậu, khu mộ H&agrave;n Mặc Tử, nh&agrave; thờ Ghềnh R&aacute;ng. Từ đỉnh Ghềnh R&aacute;ng du kh&aacute;ch c&oacute; thể ph&oacute;ng tầm mắt nh&igrave;n ngắm th&agrave;nh phố Quy Nhơn v&agrave; b&atilde;i biển Vầng Trăng Khuyết. Khu du lịch n&agrave;y hiện mở cửa tham quan miễn ph&iacute;.</p>\n\n<p><strong>C&aacute;c th&aacute;p Chăm</strong></p>\n\n<p><img alt=\"\" src=\"https://i1-dulich.vnecdn.net/2022/06/17/Thap-Cham-Nguyen-Phuoc-Hoai-2-4986-2485-1655448401.jpg?w=0&amp;h=0&amp;q=100&amp;dpr=1&amp;fit=crop&amp;s=ilDgev90xx9AWGA7O5_IGw\" /></p>\n\n<p>B&igrave;nh Định c&oacute; nhiều di t&iacute;ch Chăm Pa, đặc biệt l&agrave; c&aacute;c cụm th&aacute;p cổ c&oacute; từ thế kỷ 13 - 14. Khi du lịch gần th&agrave;nh phố Quy Nhơn du kh&aacute;ch n&ecirc;n gh&eacute; th&aacute;p Đ&ocirc;i, v&agrave; th&aacute;p B&aacute;nh &Iacute;t. Nếu đi xa hơn du kh&aacute;ch c&oacute; thể tham quan th&ecirc;m th&aacute;p C&aacute;nh Ti&ecirc;n, th&aacute;p Dương Long. V&eacute; tham quan c&aacute;c th&aacute;p Chăm l&agrave; 10.000 - 20.000 đồng một người.</p>\n\n<p><strong>Tiểu chủng viện L&agrave;ng S&ocirc;ng</strong><br />\nNh&agrave; thờ L&agrave;ng S&ocirc;ng, hay Tiểu chủng viện L&agrave;ng S&ocirc;ng, nằm ở th&ocirc;n Quảng V&acirc;n, x&atilde; Phước Thuận, huyện Tuy Phước. Du kh&aacute;ch đi dọc theo Quốc lộ 19 mới sẽ tới điểm n&agrave;y nhanh hơn v&agrave; kết hợp tuyến tham quan ch&ugrave;a v&otilde; Long Phước, ch&ugrave;a Thi&ecirc;n Hưng v&agrave; th&aacute;p B&aacute;nh &Iacute;t.</p>\n\n<p>Bao quanh nh&agrave; thờ v&agrave; tu viện l&agrave; c&aacute;nh đồng l&uacute;a b&aacute;t ng&aacute;t trải rộng. Bước qua cổng l&agrave; lối v&agrave;o với hai h&agrave;ng c&acirc;y sao cổ thụ tỏa b&oacute;ng xanh m&aacute;t. Nếu li&ecirc;n hệ trước, du kh&aacute;ch c&ograve;n được v&agrave;o tham quan b&ecirc;n trong nh&agrave; thờ, khu vực lưu giữ c&aacute;c bản ghi ch&eacute;p, tư liệu về nh&agrave; in đầu ti&ecirc;n in s&aacute;ch chữ Quốc ngữ. Nh&agrave; thờ mở cửa từ 7h - 11h30 v&agrave; 14h - 17h30 h&agrave;ng ng&agrave;y.</p>\n\n<p><img alt=\"\" src=\"https://i1-dulich.vnecdn.net/2022/06/17/langsong-chimom-3024-159316411-2489-1429-1655448402.jpg?w=0&amp;h=0&amp;q=100&amp;dpr=1&amp;fit=crop&amp;s=NLMaxY2v0ZrKAO5xl9Br8g\" /></p>\n\n<p>Khu&ocirc;n vi&ecirc;n xanh m&aacute;t của Tiểu chủng viện L&agrave;ng S&ocirc;ng.</p>\n', 'https://res.cloudinary.com/doie0qiiq/image/upload/v1748351031/saoviet/lyig1ixht8myfjydesgc.jpg', 'Thành phố biển của tỉnh Bình Định, thuộc khu vực duyên hải Nam Trung Bộ, cách Hà Nội 1.065 km, cách TP HCM 650 km. Quy Nhơn nép mình giữa một bên biển một bên núi với những bờ biển dài uốn cong thơ mộng, bờ cát vàng mịn và làn nước trong xanh đẹp mê hồn.', '2025-05-27 20:03:50.185138', 'Bỏ túi kinh nghiệm du lịch Quy Nhơn tự túc', 'Thường', 3),
('a49a7164-f29a-47a0-8349-bc77474f2d8e', 'N20250007', '<p>Theo h&atilde;ng th&ocirc;ng tấn Channel News Asia, Sapa l&agrave; điểm đến du lịch h&egrave; y&ecirc;u th&iacute;ch của người Singapore. Những ng&agrave;y n&agrave;y, Sapa&nbsp;như một &quot;bản t&igrave;nh ca&quot; vẫy gọi những t&acirc;m hồn t&igrave;m kiếm sự thư th&aacute;i. Ch&iacute;nh c&aacute;i tiết trời se lạnh, trong veo của Sapa giữa m&ugrave;a h&egrave;&nbsp;l&agrave; &quot;thỏi nam ch&acirc;m&quot;&nbsp;thu h&uacute;t du kh&aacute;ch Singapore. Họ t&igrave;m đến Sapa như t&igrave;m về một ốc đảo b&igrave;nh y&ecirc;n, nơi họ c&oacute; thể h&iacute;t h&agrave; trọn vẹn bầu kh&ocirc;ng kh&iacute; trong l&agrave;nh, m&aacute;t mẻ v&agrave;&nbsp;kh&aacute;m ph&aacute; những n&eacute;t văn h&oacute;a bản địa độc đ&aacute;o.</p>\n\n<p>&nbsp;</p>\n\n<p><img alt=\"Một góc Sapa. Ảnh: Getty Images.\" src=\"https://cdn.24h.com.vn/upload/2-2025/images/2025-05-17//1747470847-6666----nh-minh-h---a---ngang-width1920height1080.jpg\" style=\"width:740px\" /></p>\n\n<p>Một g&oacute;c Sapa.</p>\n\n<p>Nhưng Sapa đ&acirc;u chỉ c&oacute; kh&iacute; hậu chiều l&ograve;ng người. Cảnh sắc nơi đ&acirc;y v&agrave;o h&egrave; cũng l&agrave; một bức tranh tuyệt mỹ. Những thửa ruộng bậc thang kh&ocirc;ng c&ograve;n trơ trọi m&agrave;u đất n&acirc;u m&agrave; đ&atilde; điểm xuyết l&ecirc;n m&igrave;nh lấm chấm m&agrave;u xanh của mạ non, uốn lượn mềm mại giữa lưng chừng n&uacute;i. Xa xa, đỉnh Fansipan h&ugrave;ng vĩ ẩn hiện trong biển m&acirc;y trắng x&oacute;a, tạo n&ecirc;n một khung cảnh vừa kỳ vĩ, vừa thơ mộng. Đối với du kh&aacute;ch Singapore, vốn quen thuộc với những t&ograve;a nh&agrave; chọc trời v&agrave; sự hiện đại của đ&ocirc; thị, cảnh quan thi&ecirc;n nhi&ecirc;n hoang sơ, tr&aacute;ng lệ nhưng cũng rất đỗi y&ecirc;n b&igrave;nh n&agrave;y mang đến một trải nghiệm ho&agrave;n to&agrave;n mới mẻ v&agrave; đầy cuốn h&uacute;t.</p>\n\n<p><img alt=\"3 điểm đến của Việt Nam lọt vào &amp;#39;mắt xanh&amp;#39; của du khách Singapore hè này - 2\" src=\"https://cdn.24h.com.vn/upload/2-2025/images/2025-05-17//1747470847-6843----nh-minh-h---a---ngang--2--width1920height1080.jpg\" style=\"width:740px\" /></p>\n\n<p><img alt=\"Khung cảnh ngoạn mục của thiên nhiên vùng cao Sapa là &quot;thỏi nam châm&quot; thu hút du khách Singapore. Ảnh: Quang Nguyen Vinh/Pexels, Getty Images (trên); pixabay (dưới).\" src=\"https://cdn.24h.com.vn/upload/2-2025/images/2025-05-17//1747470848-6953----nh-minh-h---a---vu--ng--1--width2280height1920.jpg\" style=\"width:740px\" /></p>\n\n<p>Khung cảnh ngoạn mục của thi&ecirc;n nhi&ecirc;n v&ugrave;ng cao Sapa l&agrave; &quot;thỏi nam ch&acirc;m&quot; thu h&uacute;t du kh&aacute;ch Singapore.</p>\n\n<p>Điểm đến thứ hai m&agrave; du kh&aacute;ch Singapore quan t&acirc;m ch&iacute;nh l&agrave; khu du lịch B&agrave; N&agrave; Hill&nbsp;của th&agrave;nh phố Đ&agrave; Nẵng. Khu du lịch kh&ocirc;ng chỉ nổi tiếng&nbsp;với c&ocirc;ng tr&igrave;nh kiến tr&uacute;c Cầu V&agrave;ng độc đ&aacute;o m&agrave; c&ograve;n l&agrave; một khu nghỉ dưỡng ấn tượng, với kh&iacute; hậu dễ chịu, nhiều cảnh quan đặc sắc đi k&egrave;m v&ocirc; số tiện &iacute;ch như dịch vụ giải tr&iacute;, nh&agrave; h&agrave;ng, qu&aacute;n bar, qu&aacute;n c&agrave; ph&ecirc; hấp dẫn&hellip; đ&aacute;p ứng mọi nhu cầu của du kh&aacute;ch.</p>\n\n<p><img alt=\"3 điểm đến của Việt Nam lọt vào &amp;#39;mắt xanh&amp;#39; của du khách Singapore hè này - 4\" src=\"https://cdn.24h.com.vn/upload/2-2025/images/2025-05-17//1747470848-7289----nh-minh-h---a---vu--ng--2--width2280height1920.jpg\" style=\"width:740px\" /></p>\n\n<p><img alt=\"3 điểm đến của Việt Nam lọt vào &amp;#39;mắt xanh&amp;#39; của du khách Singapore hè này - 5\" src=\"https://cdn.24h.com.vn/upload/2-2025/images/2025-05-17//1747470849-7373----nh-minh-h---a---vu--ng--3--width2280height1920.jpg\" style=\"width:740px\" /></p>\n\n<p><img alt=\"Vẻ đẹp như bước ra từ cổ tích của khu du lịch Bà Nà Hill khiến nhiều du khách say đắm. Đặc biệt, công trình Cầu Vàng độc đáo đã trở thành một biểu tượng của nơi này, được nhiều du khách quốc tế yêu thích. Ảnh: Pexels, Getty Images.\" src=\"https://cdn.24h.com.vn/upload/2-2025/images/2025-05-17//1747470849-7434----nh-minh-h---a---vu--ng--4--width2280height1920.jpg\" style=\"width:740px\" /></p>\n\n<p>Vẻ đẹp như bước ra từ cổ t&iacute;ch của khu du lịch B&agrave; N&agrave; Hill khiến nhiều du kh&aacute;ch say đắm. Đặc biệt, c&ocirc;ng tr&igrave;nh Cầu V&agrave;ng độc đ&aacute;o đ&atilde; trở th&agrave;nh một biểu tượng của nơi n&agrave;y, được nhiều du kh&aacute;ch quốc tế y&ecirc;u th&iacute;ch.</p>\n\n<p>Ngo&agrave;i ra, cảnh sắc của phố biển Đ&agrave; Nẵng cũng rất được l&ograve;ng du kh&aacute;ch Singapore. Đ&agrave; Nẵng kh&ocirc;ng chỉ sở hữu tuyến c&aacute;p treo duy nhất từng đạt&nbsp;4 kỷ lục Guinness, s&acirc;n bay quốc tế ấn tượng, Cầu Rồng ho&agrave;nh tr&aacute;ng hay Cầu S&ocirc;ng H&agrave;n thơ mộng quay m&igrave;nh mỗi đ&ecirc;m... th&agrave;nh phố c&ograve;n l&agrave; sự giao thoa ho&agrave;n hảo giữa vẻ đẹp thi&ecirc;n nhi&ecirc;n v&agrave; sự tiện nghi, ph&aacute;t triển.</p>\n\n<p>Đến đ&acirc;y, du kh&aacute;ch c&oacute; thể nằm d&agrave;i&nbsp;tr&ecirc;n bờ c&aacute;t, lắng nghe tiếng s&oacute;ng vỗ r&igrave; r&agrave;o, hay h&agrave;o hứng tham gia c&aacute;c m&ocirc;n thể thao dưới nước đầy thử th&aacute;ch.&nbsp;Hơn thế nữa, sự th&acirc;n thiện của người d&acirc;n địa phương v&agrave; ẩm thực phong ph&uacute;, hấp dẫn với v&ocirc; v&agrave;n hải sản tươi ngon cũng l&agrave; những yếu tố n&iacute;u ch&acirc;n du kh&aacute;ch Singapore.</p>\n\n<p><img alt=\"Đà Nẵng về đêm. Ảnh: Andrey X.\" src=\"https://cdn.24h.com.vn/upload/2-2025/images/2025-05-17//1747470850-7653----nh-minh-h---a---ngang--3--width1920height1080.jpg\" style=\"width:740px\" /></p>\n\n<p>Đ&agrave; Nẵng về đ&ecirc;m.</p>\n\n<p>Cuối c&ugrave;ng, xứ sở ng&agrave;n hoa hay &quot;tiểu Paris&quot;&nbsp;của T&acirc;y Nguy&ecirc;n &ndash;&nbsp;Đ&agrave; Lạt&nbsp;cũng&nbsp;l&agrave; điểm đến y&ecirc;u th&iacute;ch của du kh&aacute;ch Singapore, nhất l&agrave; v&agrave;o những ng&agrave;y h&egrave; nắng n&oacute;ng. Th&agrave;nh phố tuy nhỏ nhưng kh&ocirc;ng thiếu những điểm vui chơi, tham quan th&uacute; vị. Đặc biệt, c&aacute;c c&ocirc;ng tr&igrave;nh kiến tr&uacute;c cổ điển nằm trong l&ograve;ng Đ&agrave; Lạt kết hợp c&ugrave;ng cảnh sắc n&uacute;i rừng T&acirc;y Nguy&ecirc;n đ&atilde; tạo n&ecirc;n một vẻ đẹp l&atilde;ng mạn đặc trưng, g&acirc;y thương nhớ cho biết bao du kh&aacute;ch.</p>\n\n<p><img alt=\"Một góc thành phố Đà Lạt huyền ảo trong làn sương đêm. Ảnh: Huy Nguyen/Getty Images.\" src=\"https://cdn.24h.com.vn/upload/2-2025/images/2025-05-17//1747470850-7785----nh-minh-h---a---vu--ng--5--width2280height1920.jpg\" style=\"width:740px\" /></p>\n\n<p>Một g&oacute;c th&agrave;nh phố Đ&agrave; Lạt huyền ảo trong l&agrave;n sương đ&ecirc;m.</p>\n\n<p><img alt=\"Nhà thờ Chánh tòa Đà Lạt hay Hồ Xuân Hương là những điểm đến nổi tiếng tại thành phố ngàn hoa của cao nguyên Lâm Viên. Ảnh: Getty Images (trái), Vu Cong Danh/Getty Images (phải).\" src=\"https://cdn.24h.com.vn/upload/2-2025/images/2025-05-17//1747470851-8069----nh-minh-h---a---ngang--4--width1920height1080.jpg\" style=\"width:740px\" /></p>\n\n<p>Nh&agrave; thờ Ch&aacute;nh t&ograve;a Đ&agrave; Lạt hay Hồ Xu&acirc;n Hương l&agrave; những điểm đến nổi tiếng tại th&agrave;nh phố ng&agrave;n hoa của cao nguy&ecirc;n L&acirc;m Vi&ecirc;n.</p>\n', 'https://res.cloudinary.com/doie0qiiq/image/upload/v1748352847/saoviet/k9qnhhgcjfljgvobkamx.jpg', 'Những năm gần đây, nhờ vào nỗ lực không ngừng trong việc quảng bá hình ảnh du lịch Việt Nam tại Singapore, các du khách của đảo quốc sư tử biển cũng đang ngày một hướng sự chú ý của mình về dải đất hình chữ S. Trong mùa hè năm nay, với mong muốn gắn kết bản thân với thiên nhiên và không khí trong lành, tại Việt Nam có đến ba địa điểm nằm trong danh sách ưu tiên của họ.', '2025-05-27 20:34:06.265845', '3 điểm đến của Việt Nam lọt vào \'mắt xanh\' của du khách Singapore hè này', 'Thường', 1),
('b8c7641b-3edc-42ce-b830-5855494e7fda', 'N20250005', '<p><strong>Biển xanh, c&aacute;t trắng, nắng v&agrave;ng</strong></p>\n\n<p>Ph&uacute; Qu&yacute; l&agrave; một huyện đảo nhỏ thuộc tỉnh B&igrave;nh Thuận, c&oacute; diện t&iacute;ch chỉ hơn 16km&sup2; nhưng lại sở hữu vẻ đẹp thi&ecirc;n nhi&ecirc;n cuốn h&uacute;t khiến bao du kh&aacute;ch đến đ&acirc;y cũng phải xi&ecirc;u l&ograve;ng.</p>\n\n<p>D&ugrave; diện t&iacute;ch kh&ocirc;ng lớn, h&ograve;n đảo xinh đẹp n&agrave;y vẫn c&oacute; v&ocirc; số điểm check-in hấp dẫn, từ b&atilde;i biển trong vắt, những rạn đ&aacute; hoang sơ cho đến những con đường ven biển thơ mộng.</p>\n\n<p>&nbsp;</p>\n\n<p><img alt=\"Tạm xa phố thị ồn ào, tìm về Phú Quý yên bình.\" src=\"https://cdn.24h.com.vn/upload/2-2025/images/2025-05-27//1748309233-955_3226_14405-4069-676-width1666height2048.jpg\" style=\"width:740px\" /></p>\n\n<p>Tạm xa phố thị ồn &agrave;o, t&igrave;m về Ph&uacute; Qu&yacute; y&ecirc;n b&igrave;nh.</p>\n\n<p>Du lịch Ph&uacute; Qu&yacute; mang đến cảm gi&aacute;c b&igrave;nh y&ecirc;n, t&aacute;ch biệt ho&agrave;n to&agrave;n với sự ồn &agrave;o của đất liền. Buổi s&aacute;ng đ&oacute;n b&igrave;nh minh tr&ecirc;n b&atilde;i biển, buổi chiều ngắm ho&agrave;ng h&ocirc;n đỏ rực nơi ch&acirc;n trời, cả ng&agrave;y như một bức tranh sống động.</p>\n\n<p>Người d&acirc;n tr&ecirc;n đảo th&acirc;n thiện v&agrave; mến kh&aacute;ch, ẩm thực tươi ngon với hải sản vừa đ&aacute;nh bắt. Ph&uacute; Qu&yacute; l&agrave; điểm đến hấp dẫn với những du kh&aacute;ch muốn chụp ảnh &ldquo;ch&aacute;y m&aacute;y&rdquo; với cảnh đẹp v&agrave; t&igrave;m lại sự thư gi&atilde;n trong t&acirc;m hồn.</p>\n\n<p>Để di chuyển đến đảo Ph&uacute; Qu&yacute;, do nơi đ&acirc;y chưa c&oacute; s&acirc;n bay n&ecirc;n bạn cần kết hợp nhiều phương tiện. Trước ti&ecirc;n, bạn c&oacute; thể lựa chọn bay đến một trong c&aacute;c s&acirc;n bay gần nhất như Cam Ranh (Kh&aacute;nh H&ograve;a), T&acirc;n Sơn Nhất (TP HCM) hoặc Li&ecirc;n Khương (Đ&agrave; Lạt). Từ đ&oacute;, tiếp tục di chuyển bằng &ocirc; t&ocirc; hoặc xe kh&aacute;ch đến Cảng Phan Thiết.</p>\n\n<p>Sau khi đến cảng n&agrave;y, bạn l&ecirc;n t&agrave;u cao tốc như Ph&uacute; Quốc Express hoặc Superdong. Chuyến t&agrave;u sẽ mất khoảng 2 đến 2 giờ 30 ph&uacute;t l&ecirc;nh đ&ecirc;nh tr&ecirc;n biển để đưa bạn đến đảo Ph&uacute; Qu&yacute;.</p>\n\n<p>D&ugrave; hơi mất thời gian, nhưng h&agrave;nh tr&igrave;nh n&agrave;y lại l&agrave; một phần th&uacute; vị của chuyến đi, khi du kh&aacute;ch được trải nghiệm cảm gi&aacute;c l&ecirc;nh đ&ecirc;nh giữa đại dương, dần tiến gần đến h&ograve;n đảo nhỏ xinh với thi&ecirc;n nhi&ecirc;n hoang sơ v&agrave; khung cảnh tuyệt đẹp đang chờ đ&oacute;n.</p>\n\n<p>Bạn Phan Minh Tuyết c&ugrave;ng bạn b&egrave; vừa c&oacute; chuyến du lịch 3 ng&agrave;y 2 đ&ecirc;m ở Ph&uacute; Qu&yacute; đ&aacute;ng nhớ với nhiều hoạt động hấp dẫn tr&ecirc;n đảo.</p>\n\n<p><img alt=\"Mỗi góc nhỏ trên đảo đều là một bức tranh thiên nhiên tuyệt đẹp.\" src=\"https://cdn.24h.com.vn/upload/2-2025/images/2025-05-27//1748309234-175_6573_14448-4069-857-width2048height2048.jpg\" style=\"width:740px\" /></p>\n\n<p>Mỗi g&oacute;c nhỏ tr&ecirc;n đảo đều l&agrave; một bức tranh thi&ecirc;n nhi&ecirc;n tuyệt đẹp.</p>\n\n<p>Chia sẻ cho mọi người một số lưu &yacute; khi đi Ph&uacute; Qu&yacute;, Tuyết cho hay, thời tiết ở đ&acirc;y cực kỳ nắng n&oacute;ng n&ecirc;n kem chống nắng l&agrave; vật bất ly th&acirc;n. Đồ ăn tr&ecirc;n đảo kh&ocirc;ng hề đắt m&agrave; gi&aacute; cả rất hợp l&yacute;. Cảnh quan thi&ecirc;n nhi&ecirc;n ở Ph&uacute; Qu&yacute; rất xinh với biển xanh, c&aacute;t trắng, nắng v&agrave;ng, v&igrave; vậy mọi người n&ecirc;n chuẩn bị trang phục s&aacute;ng m&agrave;u để l&ecirc;n h&igrave;nh được nổi bật v&agrave; lung linh hơn.</p>\n\n<p><strong>Quyết định chọn trải nghiệm th&uacute; vị</strong></p>\n\n<p>Ng&agrave;y đầu ti&ecirc;n trong chuyến đi, c&aacute;c bạn đ&atilde; quyết định chọn một trải nghiệm th&uacute; vị. Đ&oacute; l&agrave; việc đi t&agrave;u từ Đ&agrave; Nẵng v&agrave;o B&igrave;nh Thuận thay v&igrave; đi m&aacute;y bay như thường lệ.</p>\n\n<p>Tuy thời gian di chuyển kh&aacute; d&agrave;i, nhưng chuyến đi lại mang đến rất nhiều điều đ&aacute;ng nhớ. Tr&ecirc;n t&agrave;u, mọi người c&oacute; thể thoải m&aacute;i tr&ograve; chuyện, l&agrave;m việc, vui chơi với nhau hay đơn giản l&agrave; nằm thư gi&atilde;n ngắm cảnh đẹp trải d&agrave;i tr&ecirc;n h&igrave;nh chữ S.</p>\n\n<p>Du kh&aacute;ch đ&atilde; c&oacute; dịp đi qua những c&aacute;nh đồng l&uacute;a ch&iacute;n v&agrave;ng, qua những ng&ocirc;i l&agrave;ng n&eacute;p m&igrave;nh dưới h&agrave;ng cau cao v&uacute;t, thấy n&uacute;i đồi trập tr&ugrave;ng, s&ocirc;ng nước uốn lượn v&agrave; cả biển xanh xa xa. Cảnh ho&agrave;ng h&ocirc;n cuối ng&agrave;y đỏ rực ngo&agrave;i &ocirc; cửa sổ khiến nữ du kh&aacute;ch bất chợt thấy nhớ nh&agrave; da diết. T&agrave;u kh&ocirc;ng chỉ l&agrave; phương tiện di chuyển, m&agrave; c&ograve;n l&agrave; h&agrave;nh tr&igrave;nh gắn kết, l&agrave; thời gian để du kh&aacute;ch cảm nhận trọn vẹn vẻ đẹp h&igrave;nh chữ S của đất nước Việt Nam.</p>\n\n<p>Khi t&agrave;u dừng ở ga B&igrave;nh Thuận, họ bắt taxi về kh&aacute;ch sạn để nghỉ ngơi trước khi ra cảng v&agrave;o h&ocirc;m sau. Nghỉ một đ&ecirc;m tại kh&aacute;ch sạn, mọi người đ&atilde; sẵn s&agrave;ng cho h&agrave;nh tr&igrave;nh kh&aacute;m ph&aacute; đảo Ph&uacute; Qu&yacute; v&agrave;o ng&agrave;y h&ocirc;m sau. Chuyến đi bắt đầu kh&ocirc;ng qu&aacute; vội v&atilde;, m&agrave; vừa đủ để cảm nhận từng nhịp sống, từng khoảnh khắc đẹp tr&ecirc;n đường đi.</p>\n\n<p>Ng&agrave;y thứ hai, họ bắt đầu h&agrave;nh tr&igrave;nh ra đảo Ph&uacute; Qu&yacute;. T&agrave;u cao tốc Ph&uacute; Qu&yacute; Express khởi h&agrave;nh l&uacute;c 7h30 s&aacute;ng từ cảng Phan Thiết. H&ocirc;m đ&oacute; thời tiết cực kỳ đẹp, biển &ecirc;m như ru n&ecirc;n kh&ocirc;ng ai trong nh&oacute;m bị say t&agrave;u cả.</p>\n\n<p>Sau khoảng 2 tiếng l&ecirc;nh đ&ecirc;nh, du kh&aacute;ch đ&atilde; đặt ch&acirc;n đến đảo Ph&uacute; Qu&yacute;. Vừa tới nơi, nh&oacute;m nhận xe m&aacute;y tại cảng, rồi di chuyển về kh&aacute;ch sạn để nhận ph&ograve;ng. Ph&ograve;ng kh&aacute; rộng r&atilde;i, tho&aacute;ng m&aacute;t, nh&acirc;n vi&ecirc;n lại dễ thương v&agrave; nhiệt t&igrave;nh n&ecirc;n cảm gi&aacute;c rất vui vẻ, thoải m&aacute;i.</p>\n\n<p>Buổi trưa, họ được chị quản l&yacute; kh&aacute;ch sạn giới thiệu một qu&aacute;n ăn địa phương t&ecirc;n l&agrave; B&ograve; N&oacute;ng. Đồ ăn ở đ&acirc;y ngon, vừa miệng v&agrave; gi&aacute; cả hợp l&yacute;, đ&uacute;ng chuẩn &ldquo;ngon - bổ - rẻ&rdquo;.</p>\n\n<p><img alt=\"Phong Điện với cánh quạt gió khổng lồ giữa trời xanh.\" src=\"https://cdn.24h.com.vn/upload/2-2025/images/2025-05-27//1748309235-942_6580_80164-4069-885-width1536height2048.jpg\" style=\"width:740px\" /></p>\n\n<p>Phong Điện với c&aacute;nh quạt gi&oacute; khổng lồ giữa trời xanh.</p>\n\n<p>Buổi chiều, cả nh&oacute;m l&ecirc;n đường kh&aacute;m ph&aacute; những điểm đến nổi bật của đảo như Mộ Thầy, khu Phong Điện với c&aacute;nh quạt gi&oacute; khổng lồ giữa trời xanh v&agrave; Bờ k&egrave; Lăng - một trong những nơi ngắm ho&agrave;ng h&ocirc;n đẹp nhất Ph&uacute; Qu&yacute;. Tuy nhi&ecirc;n, do lượng kh&aacute;ch du lịch kh&aacute; đ&ocirc;ng, n&ecirc;n họ phải xếp h&agrave;ng để chụp ảnh tại c&aacute;c điểm nổi tiếng.</p>\n\n<p>Buổi tối, cả nh&oacute;m chọn d&ugrave;ng bữa tại qu&aacute;n Lưới Sea Food. Thực đơn phong ph&uacute;, gi&aacute; cả phải chăng, đồ ăn tươi ngon, hợp khẩu vị n&ecirc;n du kh&aacute;ch ưng &yacute;. Những ng&agrave;y sau đ&oacute;, c&aacute;c bạn tiếp tục quay lại đ&acirc;y ăn v&igrave; cảm thấy hợp khẩu vị v&agrave; tiện lợi.</p>\n\n<p><strong>Đi tour H&ograve;n Tranh, ngắm nước xanh m&agrave;u ngọc b&iacute;ch</strong></p>\n\n<p>Ng&agrave;y thứ ba ở Ph&uacute; Qu&yacute; bắt đầu với tour tham quan H&ograve;n Tranh l&uacute;c 7h30 s&aacute;ng. Nước biển trong vắt, xanh ngọc b&iacute;ch tuyệt đẹp, c&oacute; thể nh&igrave;n thấy tận đ&aacute;y c&ugrave;ng rạn san h&ocirc; sặc sỡ. Khung cảnh vừa n&ecirc;n thơ, vừa trữ t&igrave;nh.</p>\n\n<p>Tuyết cho hay, với những ai đ&atilde; từng đi tour đảo ở Nha Trang, Cam Ranh, Ph&uacute; Quốc hay C&ocirc;n Đảo, cảm gi&aacute;c c&oacute; thể hơi giống nhau, nhưng vẻ đẹp ở H&ograve;n Tranh vẫn rất đ&aacute;ng để trải nghiệm.</p>\n\n<p>Buổi trưa, họ gh&eacute; ăn hải sản. Hải sản được nu&ocirc;i sống ngay tại b&egrave; n&ecirc;n rất tươi. View ngồi ăn giữa biển, gi&oacute; thổi lồng lộng, kh&ocirc;ng gian m&aacute;t rượi n&ecirc;n rất chill.</p>\n\n<p>Buổi chiều, c&aacute;c du kh&aacute;ch tiếp tục h&agrave;nh tr&igrave;nh chinh phục Dốc Phượt v&agrave; gh&eacute; thăm Cột Cờ - nơi cao nhất đảo, ph&oacute;ng tầm mắt ra xa l&agrave; cả biển trời bao la. Khung cảnh ở đ&acirc;y h&ugrave;ng vĩ v&agrave; rất th&iacute;ch hợp để chụp những bức ảnh kỷ niệm.</p>\n\n<p>Buổi tối, cả nh&oacute;m lại quay về qu&aacute;n Lưới Sea Food quen thuộc để ăn tối. Sau đ&oacute;, mua th&ecirc;m v&agrave;i ly tr&agrave; sữa rồi ra bờ k&egrave; dưới Dốc Phượt ngồi h&oacute;ng gi&oacute;. Bầu trời đ&ecirc;m ở Ph&uacute; Qu&yacute; trong vắt, đầy sao, mang đến trải nghiệm nhẹ nh&agrave;ng v&agrave; thi vị cho một ng&agrave;y đầy ắp trải nghiệm.</p>\n\n<p><img alt=\"Chèo thuyền khám phá vẻ đẹp thiên nhiên Phú Quý.\" src=\"https://cdn.24h.com.vn/upload/2-2025/images/2025-05-27//1748309235-786_9939_60012-4069-825-width1536height2048.jpg\" style=\"width:740px\" /></p>\n\n<p>Ch&egrave;o thuyền kh&aacute;m ph&aacute; vẻ đẹp thi&ecirc;n nhi&ecirc;n Ph&uacute; Qu&yacute;.</p>\n\n<p>Ng&agrave;y thứ tư khởi đầu từ rất sớm với h&agrave;nh tr&igrave;nh ngắm b&igrave;nh minh tại Ghềnh Hang &ndash; Dốc Phượt &ndash; Cột Cờ v&agrave;o khoảng 5h30 s&aacute;ng. &Aacute;nh mặt trời dần l&oacute; dạng ph&iacute;a ch&acirc;n trời, nhuộm v&agrave;ng mặt biển v&agrave; những v&aacute;ch đ&aacute; tạo n&ecirc;n khung cảnh tuyệt đẹp, rất đ&aacute;ng để dậy sớm.</p>\n\n<p>Sau đ&oacute;, họ gh&eacute; chợ Tam Thanh ăn s&aacute;ng, đồng thời mua một &iacute;t đặc sản địa phương về l&agrave;m qu&agrave;. Từ chợ, nh&oacute;m di chuyển đến l&agrave;ng ch&agrave;i gần đ&oacute; để check-in tại Hometown Chacha với g&oacute;c sống ảo dễ thương mang đậm chất biển đảo. Tiếp theo l&agrave; N&uacute;i Cao C&aacute;t, nơi c&oacute; thể ngắm nh&igrave;n to&agrave;n cảnh đảo Ph&uacute; Qu&yacute; từ tr&ecirc;n cao, cực kỳ m&atilde;n nh&atilde;n.</p>\n\n<p>Buổi trưa, du kh&aacute;ch quay lại Lưới Sea Food ăn trưa lần cuối, trả ph&ograve;ng kh&aacute;ch sạn v&agrave; di chuyển ra cảng để l&ecirc;n t&agrave;u cao tốc chuyến 12h30 trở về đất liền.</p>\n\n<p>Khoảng 15h, họ c&oacute; mặt tại cảng Phan Thiết, thu&ecirc; xe 16 chỗ di chuyển thẳng l&ecirc;n Đ&agrave; Lạt. Tối đến, cả nh&oacute;m tranh thủ ăn nướng tại qu&aacute;n Mậu Dịch v&agrave; dạo chợ đ&ecirc;m Đ&agrave; Lạt, kết th&uacute;c một ng&agrave;y d&agrave;i đầy trải nghiệm v&agrave; chuyển tiếp từ biển về với n&uacute;i rừng cao nguy&ecirc;n.</p>\n\n<p><img alt=\"Những góc ảnh toát lên cuộc sống thanh bình ở hòn đảo.\" src=\"https://cdn.24h.com.vn/upload/2-2025/images/2025-05-27//1748309236-221_6510_47461-4069-500-width1638height2048.jpg\" style=\"width:740px\" /></p>\n\n<p>Những g&oacute;c ảnh to&aacute;t l&ecirc;n cuộc sống thanh b&igrave;nh ở h&ograve;n đảo.</p>\n\n<p>S&aacute;ng ng&agrave;y cuối c&ugrave;ng, sau khi ăn s&aacute;ng xong, c&aacute;c bạn tranh thủ dạo quanh khu vực gần chợ Đ&agrave; Lạt để mua qu&agrave;, uống c&agrave; ph&ecirc; v&agrave; tận hưởng những khoảnh khắc cuối c&ugrave;ng ở th&agrave;nh phố sương m&ugrave;. Kh&ocirc;ng kh&iacute; Đ&agrave; Lạt buổi s&aacute;ng m&aacute;t lạnh, dễ chịu khiến ai cũng muốn n&aacute;n lại th&ecirc;m ch&uacute;t nữa.</p>\n\n<p>Sau đ&oacute;, cả nh&oacute;m ra s&acirc;n bay để bay về lại Đ&agrave; Nẵng, ch&iacute;nh thức kh&eacute;p lại chuyến đi d&agrave;i ng&agrave;y với đủ cung bậc cảm x&uacute;c v&agrave; đầy ắp kỷ niệm.</p>\n\n<p><img alt=\"Góc ảnh huyền thoại.\" src=\"https://cdn.24h.com.vn/upload/2-2025/images/2025-05-27//1748309236-543_6582_55003-4069-184-width1536height2048.jpg\" style=\"width:740px\" /></p>\n\n<p>G&oacute;c ảnh huyền thoại.</p>\n\n<p><img alt=\"Những phút giây thư thái tâm hồn.\" src=\"https://cdn.24h.com.vn/upload/2-2025/images/2025-05-27//1748309237-016_3184_28303-4069-73-width2048height1536.jpg\" style=\"width:740px\" /></p>\n\n<p>Những ph&uacute;t gi&acirc;y thư th&aacute;i t&acirc;m hồn.</p>\n\n<p><img alt=\"Check-in ở cột cờ.\" src=\"https://cdn.24h.com.vn/upload/2-2025/images/2025-05-27//1748309237-675_3186_85471-4069-573-width1754height2048.jpg\" style=\"width:740px\" /></p>\n\n<p>Check-in ở cột cờ.</p>\n\n<p><img alt=\"Tránh xa khói bụi, về Phú Quý làm bạn với gió và biển.\" src=\"https://cdn.24h.com.vn/upload/2-2025/images/2025-05-27//1748309238-319_3216_41902-4069-517-width1536height2048.jpg\" style=\"width:740px\" /></p>\n\n<p>Tr&aacute;nh xa kh&oacute;i bụi, về Ph&uacute; Qu&yacute; l&agrave;m bạn với gi&oacute; v&agrave; biển.</p>\n\n<p><img alt=\"Giữa đại dương mênh mông, Phú Quý hiện lên như một viên ngọc lung linh.\" src=\"https://cdn.24h.com.vn/upload/2-2025/images/2025-05-27/1748309239-638_3470_60810-4069-375-width720height960.jpg\" style=\"width:740px\" /></p>\n\n<p>Giữa đại dương m&ecirc;nh m&ocirc;ng, Ph&uacute; Qu&yacute; hiện l&ecirc;n như một vi&ecirc;n ngọc lung linh.</p>\n\n<p><img alt=\"Sóng vỗ rì rào, nắng chan hòa, Phú Quý dịu dàng như một giấc mơ giữa biển khơi.\" src=\"https://cdn.24h.com.vn/upload/2-2025/images/2025-05-27//1748309239-044_9882_60811-4069-705-width1536height2048.jpg\" style=\"width:740px\" /></p>\n\n<p>S&oacute;ng vỗ r&igrave; r&agrave;o, nắng chan h&ograve;a, Ph&uacute; Qu&yacute; dịu d&agrave;ng như một giấc mơ giữa biển khơi.</p>\n\n<p><img alt=\"Cùng nhóm bạn đi du lịch Phú Quý.\" src=\"https://cdn.24h.com.vn/upload/2-2025/images/2025-05-27//1748309239-385_6561_79358-4069-178-width2048height1536.jpg\" style=\"width:740px\" /></p>\n\n<p>C&ugrave;ng nh&oacute;m bạn đi du lịch Ph&uacute; Qu&yacute;.</p>\n\n<p><img alt=\"Phú Quý - nơi thời gian cũng chịu chậm lại để sống trọn từng phút giây.\" src=\"https://cdn.24h.com.vn/upload/2-2025/images/2025-05-27//1748309240-235_3180_59384-4069-365-width1536height2048.jpg\" style=\"width:740px\" /></p>\n\n<p>Ph&uacute; Qu&yacute; - nơi thời gian cũng chịu chậm lại để sống trọn từng ph&uacute;t gi&acirc;y.</p>\n\n<p><img alt=\"View ngắm cảnh nên thơ.\" src=\"https://cdn.24h.com.vn/upload/2-2025/images/2025-05-27//1748309240-238_6589_63363-4069-170-width1350height1800.jpg\" style=\"width:740px\" /></p>\n\n<p>View ngắm cảnh n&ecirc;n thơ.</p>\n\n<p><img alt=\"Nếu mệt mỏi, về Phú Quý trú chân vài hôm cho gió biển cuốn hết muộn phiền.\" src=\"https://cdn.24h.com.vn/upload/2-2025/images/2025-05-27/1748309241-529_0109_18636-4069-616-width720height960.jpg\" style=\"width:740px\" /></p>\n\n<p>Nếu mệt mỏi, về Ph&uacute; Qu&yacute; tr&uacute; ch&acirc;n v&agrave;i h&ocirc;m cho gi&oacute; biển cuốn hết muộn phiền.</p>\n\n<p><img alt=\"Tuổi trẻ gắn liền với những chuyến đi và Phú Quý là điểm đến không thể bỏ lỡ...\" src=\"https://cdn.24h.com.vn/upload/2-2025/images/2025-05-27//1748309241-342_6609_37539-4069-674-width1536height2048.jpg\" style=\"width:740px\" /></p>\n\n<p>Tuổi trẻ gắn liền với những chuyến đi v&agrave; Ph&uacute; Qu&yacute; l&agrave; điểm đến kh&ocirc;ng thể bỏ lỡ...</p>\n', 'https://res.cloudinary.com/doie0qiiq/image/upload/v1748352149/saoviet/cw2kuonyai3xhzrsx3vf.jpg', 'Là một huyện đảo nhỏ nằm ở tỉnh Bình Thuận, Phú Quý mang đến cho du khách cảm giác đi đâu cũng có thể gặp rất nhiều cảnh đẹp để khám phá và check-in “cháy máy”.', '2025-05-27 20:22:28.038636', '‘Vượt sóng’ ra hòn đảo nhỏ nhưng đi đâu cũng gặp nhiều cảnh đẹp', 'Nổi bật', 0);
INSERT INTO `news` (`id`, `code`, `content`, `image`, `summary`, `time_stamp`, `title`, `type`, `view_count`) VALUES
('c50713ee-3ca0-44f6-884f-04a94d376788', 'N20250006', '<p>Bờ biển nơi đ&acirc;y c&oacute; chiều d&agrave;i 12km, uốn lượn quanh co, mang vẻ đẹp thơ mộng, hoang sơ với b&atilde;i đ&aacute; đủ h&igrave;nh th&ugrave; độc đ&aacute;o. Nước biển v&agrave;o h&egrave; trong xanh, s&oacute;ng &ecirc;m, bờ c&aacute;t v&agrave;ng mịn trải d&agrave;i, được nhiều du kh&aacute;ch v&iacute; von đẹp như ở Nha Trang.</p>\n\n<p>Tr&ecirc;n bờ biển l&agrave; rặng phi lao cao v&uacute;t, những ngọn n&uacute;i nhấp nh&ocirc;, c&oacute; rất &iacute;t h&agrave;ng qu&aacute;n n&ecirc;n kh&ocirc;ng ồn &agrave;o, đ&ocirc;ng đ&uacute;c.&nbsp;</p>\n\n<p>&quot;Biển qu&ecirc; t&ocirc;i đẹp, rất hoang sơ, b&agrave; con chủ yếu sống bằng n&ocirc;ng nghiệp, nghề ch&agrave;i lưới. Chỉ v&agrave;i năm gần đ&acirc;y, du kh&aacute;ch mới t&igrave;m tới biển Quỳnh Lập vui chơi, du lịch&quot;, anh L&ecirc; Việt Anh, một người d&acirc;n địa phương cho biết.</p>\n\n<p>Gia đ&igrave;nh chị Oanh Đỗ (H&agrave; Nội) đ&atilde; đến biển Quỳnh Lập 10 chuyến kể từ năm 2021 tới nay. &quot;Nh&agrave; m&igrave;nh th&iacute;ch cắm trại ở những nơi hoang sơ, mộc mạc. Trước đ&acirc;y, biển Quỳnh Lập vắng vẻ lắm, chưa c&oacute; những b&agrave;i viết giới thiệu tr&ecirc;n mạng x&atilde; hội.</p>\n\n<p>Khi tới lần đầu, cả nh&agrave; bất ngờ v&igrave; biển trong xanh, c&aacute;t mịn m&agrave;ng v&agrave; gi&oacute; biển kh&ocirc;ng g&acirc;y cảm gi&aacute;c d&iacute;nh nhớp nh&aacute;p kh&oacute; chịu&quot;, chị Oanh n&oacute;i.</p>\n\n<p>Kể từ khi ph&aacute;t hiện &quot;Nha Trang c&aacute;ch H&agrave; Nội chỉ 3,5 tiếng l&aacute;i xe&quot;, cứ khi n&agrave;o nhớ biển, m&agrave; kh&ocirc;ng được nghỉ d&agrave;i ng&agrave;y, gia đ&igrave;nh chị Oanh lại l&ecirc;n đường tới biển Quỳnh Lập.</p>\n\n<p>&nbsp;</p>\n\n<p><a href=\"javascript:void(0)\"><img alt=\"Bãi biển trong xanh đẹp như ở Nha Trang, cách Hà Nội 3,5 tiếng lái xe - 1\" src=\"https://cdn.24h.com.vn/upload/2-2025/images/2025-05-22/nha-trang-1-1747895202-737-width1522height2048.jpg\" /></a><a href=\"javascript:void(0)\"><img alt=\"Vẻ đẹp hoang sơ của Quỳnh Lập khiến gia đình chị Oanh mê mẩn, quay trở lại nhiều lần. Ảnh: Oanh Đỗ\" src=\"https://cdn.24h.com.vn/upload/2-2025/images/2025-05-22/nha-trang-2-1747895202-636-width1514height2048.jpg\" /></a></p>\n\n<p>Vẻ đẹp hoang sơ của Quỳnh Lập khiến gia đ&igrave;nh chị Oanh m&ecirc; mẩn, quay trở lại nhiều lần. Ảnh: Oanh Đỗ</p>\n\n<p>Theo chị Oanh, hiện nay tại b&atilde;i biển đ&atilde; c&oacute; một nh&agrave; h&agrave;ng phục vụ ăn uống, dịch vụ phụ trợ du kh&aacute;ch v&agrave; c&oacute; b&atilde;i cắm trại bằng phẳng dưới rừng dừa, phi lao, rất đẹp mắt. Gi&aacute; dịch vụ cũng rất phải chăng.</p>\n\n<p>&quot;B&atilde;i biển hoang sơ n&ecirc;n c&oacute; nhiều hải sản như vẹm, bề bề, con moi, nh&agrave; m&igrave;nh thỏa th&iacute;ch c&acirc;u, bắt. C&oacute; lần, m&igrave;nh bắt được một x&ocirc; lớn moi, phơi tại chỗ rồi mang về d&ugrave;ng dần&quot;, chị Oanh kể.</p>\n\n<p>&nbsp;</p>\n\n<p><img alt=\"Gia đình chị Oanh cắm trại sát bờ biển. Ảnh: Oanh Đỗ\" src=\"https://cdn.24h.com.vn/upload/2-2025/images/2025-05-22//1747894821-bien-quynh-lap-oanh-do-85520-width1920height1440.jpg\" style=\"width:740px\" /></p>\n\n<p>Gia đ&igrave;nh chị Oanh cắm trại s&aacute;t bờ biển. Ảnh: Oanh Đỗ</p>\n\n<p>Buổi s&aacute;ng, du kh&aacute;ch c&oacute; thể thức dậy sớm đ&oacute;n b&igrave;nh minh, đi thăm cảng c&aacute; Quỳnh Lập của b&agrave; con địa phương rồi đi trekking xuy&ecirc;n rừng v&agrave;o c&aacute;c b&atilde;i biển nằm t&aacute;ch biệt, ch&egrave;o SUP...</p>\n\n<p>Nếu tới đ&acirc;y v&agrave;o dịp th&aacute;ng 2 - th&aacute;ng 5 h&agrave;ng năm, du kh&aacute;ch c&oacute; thể thấy cảnh người d&acirc;n thu hoạch đầy ắp c&aacute; cơm. Loại n&agrave;y c&oacute; thể l&agrave;m mắm, phơi kh&ocirc;, chế biến nhiều m&oacute;n như kho rim, chi&ecirc;n gi&ograve;n, nấu canh với dứa hay l&aacute; giang.</p>\n\n<p>&quot;B&agrave; con địa phương chủ yếu đ&aacute;nh bắt thủ c&ocirc;ng. C&aacute;c loại hải sản ở đ&acirc;y tươi, ngon, gi&aacute; rẻ, trong đ&oacute; đặc trưng nhất l&agrave; mực kh&ocirc; - kh&ocirc;ng bị mặn, c&oacute; vị ngọt thơm&quot;, anh Việt Anh cho biết.</p>\n\n<p>Mực khi c&acirc;u l&ecirc;n c&ograve;n tươi được ngư d&acirc;n ph&acirc;n loại, lựa chọn những con to, m&igrave;nh d&agrave;y, thịt trắng để l&agrave;m mực kh&ocirc;.</p>\n\n<p><img alt=\"Du khách có thể trekking xuyên rừng vào các bãi biển tách biệt. Ảnh: Oanh Đỗ\" src=\"https://cdn.24h.com.vn/upload/2-2025/images/2025-05-22//1747894821-bien-quynh-lap-oanh-do3-85521-width1920height1440.jpg\" style=\"width:740px\" /></p>\n\n<p>Du kh&aacute;ch c&oacute; thể trekking xuy&ecirc;n rừng v&agrave;o c&aacute;c b&atilde;i biển t&aacute;ch biệt. Ảnh: Oanh Đỗ</p>\n\n<p>C&oacute; nhiều thời gian thăm Nghệ An, du kh&aacute;ch c&oacute; thể kh&aacute;m ph&aacute; biển Quỳnh - t&ecirc;n gọi chung của một chuỗi 7 b&atilde;i biển từ x&atilde; Quỳnh Lập đến x&atilde; Tiến Thủy (huyện Quỳnh Lưu) gồm: Quỳnh Phương, Quỳnh Li&ecirc;n, Quỳnh Bảng, Quỳnh Lương, Quỳnh Minh, Quỳnh Nghĩa v&agrave; Tiến Thủy.</p>\n\n<p>Những b&atilde;i biển n&agrave;y nối tiếp nhau tạo th&agrave;nh một dải bờ biển l&ecirc;n tới gần 20km, mang vẻ đẹp hoang sơ, y&ecirc;n b&igrave;nh.</p>\n', 'https://res.cloudinary.com/doie0qiiq/image/upload/v1748352621/saoviet/pm0xhbs3r9gzij5pvg5g.jpg', 'Bãi biển Quỳnh Lập nằm ở xã Quỳnh Lập, thị xã Hoàng Mai, tỉnh Nghệ An, cách Hà Nội khoảng 230km, với thời gian di chuyển hơn 3,5 tiếng bằng ô tô.', '2025-05-27 20:30:20.682013', 'Bãi biển trong xanh đẹp như ở Nha Trang, cách Hà Nội 3,5 tiếng lái xe', 'Thường', 1),
('c81ee2c8-ca1c-4b4f-987c-97bd56ed34ec', 'N20250001', '<h2><strong>1. Du lịch Đ&agrave; Lạt tự t&uacute;c th&aacute;ng mấy đẹp?</strong></h2>\n\n<p>Bạn đang thắc mắc th&aacute;ng mấy l&agrave; thời điểm tuyệt vời để bắt đầu h&agrave;nh tr&igrave;nh du lịch Đ&agrave; Lạt tự t&uacute;c? Đặc trưng bởi vị tr&iacute; địa l&yacute; thuộc v&ugrave;ng cao của T&acirc;y Nguy&ecirc;n,&nbsp;<strong><a href=\"https://vinpearl.com/vi/thoi-tiet-da-lat\" target=\"_blank\">thời tiết Đ&agrave; Lạt</a></strong>&nbsp;quanh năm m&aacute;t mẻ n&ecirc;n bạn c&oacute; thể gh&eacute; thăm nơi đ&acirc;y bất kỳ m&ugrave;a n&agrave;o trong năm.&nbsp;</p>\n\n<ul>\n	<li>Từ th&aacute;ng 1 - 4 l&agrave; m&ugrave;a xu&acirc;n. L&uacute;c n&agrave;y, phố n&uacute;i rực rỡ sắc m&agrave;u với những lo&agrave;i hoa như mai anh đ&agrave;o, ban trắng, phượng t&iacute;m&hellip; tạo n&ecirc;n bức tranh thi&ecirc;n nhi&ecirc;n tuyệt đẹp.</li>\n	<li>M&ugrave;a h&egrave; k&eacute;o d&agrave;i từ th&aacute;ng 5 - 9, l&agrave; m&ugrave;a cao điểm du lịch ở đ&acirc;y. Tuy nhi&ecirc;n, đ&acirc;y cũng l&agrave; m&ugrave;a mưa tại Đ&agrave; Lạt, n&ecirc;n nếu du lịch m&ugrave;a n&agrave;y, bạn h&atilde;y nhớ mang theo &aacute;o mưa, &ocirc;.</li>\n	<li>V&agrave;o khoảng th&aacute;ng 10 - 12,&nbsp;<strong><a href=\"https://vinpearl.com/vi/gioi-thieu-ve-thanh-pho-da-lat\" target=\"_blank\">th&agrave;nh phố Đ&agrave; Lạt</a></strong>&nbsp;chuyển sang m&ugrave;a kh&ocirc; v&agrave; lạnh. Du kh&aacute;ch tới đ&acirc;y v&agrave;o m&ugrave;a n&agrave;y sẽ c&oacute; cơ hội ngắm hoa d&atilde; quỳ nở rực v&agrave;ng, khung cảnh m&acirc;y trắng phủ k&iacute;n n&uacute;i đồi&hellip;</li>\n</ul>\n\n<p><img alt=\"Du lịch Đà Lạt tự túc\" src=\"https://statics.vinpearl.com/du-lich-da-lat-tu-tuc-2_1700543275.jpg\" /></p>\n\n<h2><strong>2. Review đi Đ&agrave; Lạt tự t&uacute;c bằng phương tiện g&igrave;?&nbsp;</strong></h2>\n\n<p>Hầu hết du kh&aacute;ch từ c&aacute;c tỉnh miền Bắc thường chọn m&aacute;y bay để di chuyển thẳng tới Đ&agrave; Lạt. Trong khi đ&oacute;, c&aacute;c du kh&aacute;ch ở khu vực ph&iacute;a Nam c&oacute; thể lựa chọn đi m&aacute;y bay hoặc &ocirc; t&ocirc; để tới Đ&agrave; Lạt.</p>\n\n<p>Tại th&agrave;nh phố ng&agrave;n hoa, để di chuyển giữa c&aacute;c điểm tham quan, du kh&aacute;ch c&oacute; thể&nbsp;<strong><a href=\"https://vinpearl.com/vi/thue-xe-may-da-lat\" target=\"_blank\">thu&ecirc; xe m&aacute;y Đ&agrave; Lạt</a></strong>, &ocirc; t&ocirc;,&nbsp;<strong><a href=\"https://vinpearl.com/vi/taxi-da-lat\" target=\"_blank\">taxi Đ&agrave; Lạt</a></strong>&nbsp;hoặc sử dụng c&aacute;c ứng dụng gọi xe c&ocirc;ng nghệ. Gi&aacute; thu&ecirc; xe m&aacute;y kh&aacute; phải chăng, khoảng từ 120.000 VNĐ/ng&agrave;y v&agrave; gi&aacute; thu&ecirc; &ocirc; t&ocirc; tự l&aacute;i l&agrave; từ 700.000 VNĐ/ng&agrave;y.</p>\n\n<p><img alt=\"Du lịch Đà Lạt tự túc\" src=\"https://statics.vinpearl.com/du-lich-da-lat-tu-tuc-3_1700543224.jpg\" /></p>\n\n<h2><strong>3. Kh&aacute;ch sạn, nh&agrave; nghỉ, homestay Đ&agrave; Lạt n&ecirc;n chọn&nbsp;</strong></h2>\n\n<p>V&igrave; l&agrave; điểm đến du lịch nổi tiếng n&ecirc;n Đ&agrave; Lạt c&oacute; v&ocirc; v&agrave;n địa điểm lưu tr&uacute;, từ b&igrave;nh d&acirc;n, tầm trung 2 - 3 sao, đến những khu resort sang trọng. Tham khảo kinh nghiệm du lịch Đ&agrave; Lạt tự t&uacute;c, một số kh&aacute;ch sạn, resort nổi tiếng m&agrave; bạn c&oacute; thể lựa chọn như SAM Tuyền L&acirc;m Resort, Kings Hotel Dalat, B&igrave;nh An Village Resort Đ&agrave; Lạt...&nbsp;</p>\n\n<p>C&aacute;c kh&aacute;ch sạn, resort n&agrave;y đều được đ&aacute;nh gi&aacute; từ 4, 5 sao trở l&ecirc;n, mang đến cho du kh&aacute;ch kh&ocirc;ng gian lưu tr&uacute; hiện đại, tiện nghi, thoải m&aacute;i. Gi&aacute; cả của c&aacute;c kh&aacute;ch sạn, resort sẽ t&ugrave;y thuộc v&agrave;o từng hạng ph&ograve;ng bạn chọn.</p>\n\n<p><img alt=\"Du lịch Đà Lạt tự túc\" src=\"https://statics.vinpearl.com/du-lich-da-lat-tu-tuc-4_1700543208.jpg\" /></p>\n\n<h2><strong>4. Bản đồ du lịch Đ&agrave; Lạt tự t&uacute;c theo cung đường</strong></h2>\n\n<p>Trong chuyến du lịch Đ&agrave; Lạt tự t&uacute;c ngắn ng&agrave;y, l&agrave;m thế n&agrave;o để kh&aacute;m ph&aacute; tất tần tật c&aacute;c&nbsp;<strong><a href=\"https://vinpearl.com/vi/dia-diem-du-lich-da-lat\" target=\"_blank\">địa điểm du lịch Đ&agrave; Lạt</a></strong>? Dưới đ&acirc;y l&agrave;&nbsp;<strong><a href=\"https://vinpearl.com/vi/ban-do-da-lat\" target=\"_blank\">bản đồ Đ&agrave; Lạt</a></strong>&nbsp;chi tiết theo từng cung đường để bạn c&oacute; thể sắp xếp lịch tr&igrave;nh hợp l&yacute;, tiết kiệm thời gian.</p>\n\n<h3><strong>4.1. C&aacute;c địa điểm du lịch quanh hồ Xu&acirc;n Hương</strong></h3>\n\n<p>Nếu muốn tham quan c&aacute;c địa điểm quanh hồ Xu&acirc;n Hương, bạn c&oacute; thể sắp xếp lịch tr&igrave;nh du lịch Đ&agrave; Lạt tự t&uacute;c như sau: Chợ Đ&agrave; Lạt - Hồ Xu&acirc;n Hương - Vườn hoa th&agrave;nh phố - Quảng Trường L&acirc;m Vi&ecirc;n.</p>\n\n<ul>\n	<li><strong><a href=\"https://vinpearl.com/vi/ho-xuan-huong-da-lat\" target=\"_blank\">Hồ Xu&acirc;n Hương</a></strong>: Đ&acirc;y l&agrave; hồ tự nhi&ecirc;n tại trung t&acirc;m th&agrave;nh phố Đ&agrave; Lạt. Đến đ&acirc;y, bạn c&oacute; thể dạo quanh hồ, thư gi&atilde;n, tận hưởng kh&ocirc;ng gian y&ecirc;n b&igrave;nh, cảnh quan tuyệt đẹp.</li>\n	<li><strong><a href=\"https://vinpearl.com/vi/cho-da-lat\" target=\"_blank\">Chợ Đ&agrave; Lạt</a></strong>: Tới đ&acirc;y, bạn c&oacute; thể thoải m&aacute;i mua sắm quần &aacute;o, đồ lưu niệm, thưởng thức c&aacute;c m&oacute;n ăn vặt như b&aacute;nh tr&aacute;ng nướng, sữa đậu n&agrave;nh&hellip;</li>\n	<li><strong><a href=\"https://vinpearl.com/vi/vuon-hoa-thanh-pho-da-lat\" target=\"_blank\">Vườn hoa th&agrave;nh phố</a></strong>: Đ&acirc;y l&agrave; nơi quy tụ nhiều lo&agrave;i hoa xinh đẹp, đặc trưng của Đ&agrave; Lạt như hoa cẩm t&uacute; cầu, hoa mimosa, hoa hồng, đỗ quy&ecirc;n&hellip;</li>\n	<li><strong><a href=\"https://vinpearl.com/vi/quang-truong-lam-vien\" target=\"_blank\">Quảng trường L&acirc;m Vi&ecirc;n</a></strong>: Nơi đ&acirc;y c&oacute; kh&ocirc;ng gian rộng c&ugrave;ng c&aacute;c c&ocirc;ng tr&igrave;nh kiến tr&uacute;c độc đ&aacute;o, ấn tượng như Nụ hoa Atiso, B&ocirc;ng hoa d&atilde; quỳ&hellip;</li>\n</ul>\n\n<p><img alt=\"Du lịch Đà Lạt tự túc\" src=\"https://statics.vinpearl.com/du-lich-da-lat-tu-tuc-5_1700543192.jpg\" /></p>\n\n<h3><strong>4.2. C&aacute;c điểm đến theo hướng đi hồ Tuyền L&acirc;m</strong></h3>\n\n<p>Theo hướng đi hồ Tuyền L&acirc;m, bạn c&oacute; thể l&ecirc;n lịch tr&igrave;nh du lịch Đ&agrave; Lạt tự t&uacute;c như sau: Biệt thự Hằng Nga - Thiền viện Tr&uacute;c L&acirc;m - Hồ Tuyền L&acirc;m - Đường Hầm Đi&ecirc;u Khắc.</p>\n\n<ul>\n	<li><strong><a href=\"https://vinpearl.com/vi/biet-thu-hang-nga\" target=\"_blank\">Biệt thự Hằng Nga</a></strong>: Nơi đ&acirc;y c&ograve;n được biết đến với c&aacute;i t&ecirc;n &ldquo;ng&ocirc;i nh&agrave; đi&ecirc;n&rdquo;. C&ocirc;ng tr&igrave;nh n&agrave;y c&oacute; kiến tr&uacute;c kỳ qu&aacute;i, độc đ&aacute;o, v&ocirc; c&ugrave;ng ấn tượng.</li>\n	<li><strong><a href=\"https://vinpearl.com/vi/thien-vien-truc-lam-da-lat\" target=\"_blank\">Thiền viện Tr&uacute;c L&acirc;m Đ&agrave; Lạt</a></strong>: Đ&acirc;y l&agrave; thiền viện lớn nhất L&acirc;m Đồng. Nơi n&agrave;y c&oacute; kh&ocirc;ng gian y&ecirc;n tĩnh, cảnh quan tuyệt đẹp với hồ Tuyền L&acirc;m v&agrave; n&uacute;i non bao quanh.</li>\n	<li><strong><a href=\"https://vinpearl.com/vi/ho-tuyen-lam-da-lat\" target=\"_blank\">Hồ Tuyền L&acirc;m</a></strong>: Hồ rộng 350ha, xung quanh l&agrave; cảnh quan rừng th&ocirc;ng cực đẹp, nước hồ xanh ngọc b&iacute;ch. Nơi đ&acirc;y được nhiều bạn y&ecirc;u th&iacute;ch gh&eacute; đến tham quan, chụp ảnh.</li>\n	<li><strong><a href=\"https://vinpearl.com/vi/duong-ham-dieu-khac\" target=\"_blank\">Đường Hầm Đi&ecirc;u Khắc</a></strong>: Đ&acirc;y l&agrave; khu du lịch độc đ&aacute;o tại Đ&agrave; Lạt với nhiều c&ocirc;ng tr&igrave;nh đi&ecirc;u khắc, m&ocirc; phỏng ga Đ&agrave; Lạt, nh&agrave; thờ Con G&agrave;&hellip;</li>\n</ul>\n\n<p><img alt=\"Du lịch Đà Lạt tự túc\" src=\"https://statics.vinpearl.com/du-lich-da-lat-tu-tuc-6_1700543169.jpg\" /></p>\n\n<h3><strong>4.3. C&aacute;c điểm đến theo hướng đi Suối V&agrave;ng - L&agrave;ng C&ugrave; Lần</strong></h3>\n\n<p>C&ograve;n đi theo hướng Suối V&agrave;ng - L&agrave;ng C&ugrave; Lần, du kh&aacute;ch c&oacute; thể sắp xếp lịch tr&igrave;nh tham quan như sau: Đỉnh Langbiang - Thung Lũng V&agrave;ng - Ma Rừng Lữ Qu&aacute;n - L&agrave;ng C&ugrave; Lần - Đồi cỏ hồng.</p>\n\n<ul>\n	<li><strong><a href=\"https://vinpearl.com/vi/dinh-langbiang-da-lat\" target=\"_blank\">Đỉnh Langbiang</a></strong>: Đ&acirc;y l&agrave; nơi bạn c&oacute; thể ngắm nh&igrave;n to&agrave;n cảnh th&agrave;nh phố, chi&ecirc;m ngưỡng cao nguy&ecirc;n h&ugrave;ng vĩ, tham gia nhiều hoạt động th&uacute; vị như cưỡi ngựa, đi xe jeep&hellip;</li>\n	<li><strong><a href=\"https://vinpearl.com/vi/thung-lung-vang-da-lat\" target=\"_blank\">Thung Lũng V&agrave;ng</a></strong>: Nơi đ&acirc;y nổi tiếng bởi khung cảnh thi&ecirc;n nhi&ecirc;n tươi đẹp với những vườn hoa tươi thắm, d&ograve;ng suối trong xanh&hellip;</li>\n	<li><strong><a href=\"https://vinpearl.com/vi/ma-rung-lu-quan\" target=\"_blank\">Ma Rừng Lữ Qu&aacute;n</a></strong>: Đ&acirc;y l&agrave; một điểm dừng ch&acirc;n c&oacute; cảnh quan thi&ecirc;n nhi&ecirc;n non nước hữu t&igrave;nh, vừa y&ecirc;n b&igrave;nh vừa pha ch&uacute;t ma mị, heo h&uacute;t giữa n&uacute;i rừng.</li>\n	<li><strong><a href=\"https://vinpearl.com/vi/lang-cu-lan-da-lat\" target=\"_blank\">L&agrave;ng C&ugrave; Lần</a></strong>: Ng&ocirc;i l&agrave;ng xinh đẹp của người d&acirc;n tộc K&#39;Ho n&agrave;y nằm ở giữa rừng gi&agrave; nguy&ecirc;n sinh. L&agrave;ng rộng khoảng 30ha, được c&ocirc;ng nhận l&agrave; 1 trong 6 ng&ocirc;i l&agrave;ng cổ đẹp nhất Việt Nam.</li>\n	<li><strong><a href=\"https://vinpearl.com/vi/doi-co-hong-da-lat\" target=\"_blank\">Đồi cỏ hồng</a></strong>: M&agrave;u hồng của ở đ&acirc;y được tạo n&ecirc;n bởi loại cỏ tuyết. Cỏ mọc dại ven b&igrave;a rừng hay hồ nước tạo n&ecirc;n một khung cảnh thi&ecirc;n nhi&ecirc;n hữu t&igrave;nh đẹp tựa tranh vẽ.</li>\n</ul>\n\n<p><img alt=\"Du lịch Đà Lạt tự túc\" src=\"https://statics.vinpearl.com/du-lich-da-lat-tu-tuc-7_1700543144.jpg\" /><em>&nbsp;</em></p>\n\n<h3><strong>4.4. C&aacute;c điểm đến theo hướng đi đ&egrave;o Prenn</strong></h3>\n\n<p>Nếu muốn tham quan đ&egrave;o Prenn, bạn c&oacute; thể sắp xếp lịch tr&igrave;nh đến c&aacute;c địa điểm l&acirc;n cận như sau: Th&aacute;c Prenn - Trang trại Dalat Milk - Th&aacute;c Pongour.</p>\n\n<ul>\n	<li><strong><a href=\"https://vinpearl.com/vi/thac-prenn-da-lat\" target=\"_blank\">Th&aacute;c Prenn</a></strong>: Nơi n&agrave;y sở hữu phong cảnh vừa h&ugrave;ng vĩ, vừa y&ecirc;n b&igrave;nh, thơ mộng c&ugrave;ng nhiều hoạt động hấp dẫn như: ch&egrave;o thuyền, cưỡi đ&agrave; điểu&hellip;</li>\n	<li><strong>Dalat Milk</strong>: Nơi đ&acirc;y sở hữu lối kiến tr&uacute;c cổ điển của v&ugrave;ng qu&ecirc; H&agrave; Lan, c&ugrave;ng với đồng cỏ, b&ograve; sữa, cối xay gi&oacute;&hellip; tạo n&ecirc;n khung cảnh miền qu&ecirc; ch&acirc;u &Acirc;u l&atilde;ng mạn.</li>\n	<li><strong><a href=\"https://vinpearl.com/vi/thac-pongour-da-lat\" target=\"_blank\">Th&aacute;c Pongour</a></strong>: Đ&acirc;y l&agrave; một d&ograve;ng th&aacute;c 7 tầng cực kỳ hot tại Đ&agrave; Lạt. Nơi đ&acirc;y sở hữu vẻ đẹp hoang sơ, kỳ vĩ v&agrave; được mệnh danh l&agrave; &ldquo;Nam thi&ecirc;n đệ nhất th&aacute;c&rdquo;.</li>\n</ul>\n\n<p><img alt=\"Du lịch Đà Lạt tự túc\" src=\"https://statics.vinpearl.com/du-lich-da-lat-tu-tuc-8_1700543126.jpg\" /></p>\n\n<h3><strong>4.5. C&aacute;c điểm đến theo hướng đi đ&egrave;o T&agrave; Nung - ngoại th&agrave;nh Đ&agrave; Lạt</strong></h3>\n\n<p>Theo hướng đi đ&egrave;o T&agrave; Nung - ngoại th&agrave;nh Đ&agrave; Lạt, bạn c&oacute; thể l&ecirc;n lịch tr&igrave;nh du lịch Đ&agrave; Lạt tự t&uacute;c như sau: L&agrave;ng hoa Vạn Th&agrave;nh - Th&aacute;c Voi - Ch&ugrave;a Linh Ẩn.</p>\n\n<ul>\n	<li><strong><a href=\"https://vinpearl.com/vi/lang-hoa-van-thanh-da-lat\" target=\"_blank\">L&agrave;ng hoa Vạn Th&agrave;nh</a></strong>: Nơi n&agrave;y nổi tiếng với vẻ đẹp rực rỡ mu&ocirc;n hoa khoe sắc, tựa như một bức tranh cổ t&iacute;ch ngo&agrave;i đời thực.</li>\n	<li><strong>Th&aacute;c Voi</strong>: Th&aacute;c Voi hay c&ograve;n được gọi l&agrave; th&aacute;c Li&ecirc;ng Rơwoa cao hơn 30m, rộng khoảng 15m. Con th&aacute;c l&agrave; một trong những th&aacute;c nước đẹp của n&uacute;i rừng T&acirc;y Nguy&ecirc;n h&ugrave;ng vĩ.&nbsp;</li>\n	<li><strong><a href=\"https://vinpearl.com/vi/chua-linh-an-da-lat\" target=\"_blank\">Ch&ugrave;a Linh Ẩn</a></strong>: Nơi đ&acirc;y được biết đến l&agrave; chốn cầu nguyện linh thi&ecirc;ng bậc nhất tại Đ&agrave; Lạt. Ng&ocirc;i ch&ugrave;a n&agrave;y sở hữu n&eacute;t kiến tr&uacute;c truyền thống độc đ&aacute;o, uy nghi&ecirc;m, thanh tịnh.</li>\n</ul>\n\n<p><img alt=\"Du lịch Đà Lạt tự túc\" src=\"https://statics.vinpearl.com/du-lich-da-lat-tu-tuc-9_1700543095.jpg\" /></p>\n\n<h3><strong>4.6. C&aacute;c điểm đến theo hướng đi đồi ch&egrave; Đầu Đất - Trại M&aacute;t</strong></h3>\n\n<p>Nếu đi theo hướng đồi ch&egrave; Đầu Đất - Trại M&aacute;t, du kh&aacute;ch c&oacute; thể l&ecirc;n lịch tr&igrave;nh kh&aacute;m ph&aacute; như sau: Ga Đ&agrave; Lạt - Dinh 1 Đ&agrave; Lạt - Ch&ugrave;a Linh Phước - Đồi ch&egrave; Cầu Đất.</p>\n\n<ul>\n	<li><strong><a href=\"https://vinpearl.com/vi/ga-xe-lua-da-lat-toa-do-check-in-sieu-xin\" target=\"_blank\">Ga xe lửa Đ&agrave; Lạt</a></strong>: Đ&acirc;y l&agrave; một trong những nh&agrave; ga xe lửa cổ nhất Đ&agrave; Lạt. T&ograve;a nh&agrave; c&oacute; m&agrave;u v&agrave;ng rực rỡ, in đậm n&eacute;t kiến tr&uacute;c ch&acirc;u &Acirc;u.</li>\n	<li><strong><a href=\"https://vinpearl.com/vi/ghe-tham-dinh-1-da-lat-biet-thu-xa-hoa-co-kinh\" target=\"_blank\">Dinh 1 Đ&agrave; Lạt</a></strong>: Đ&acirc;y l&agrave; c&ocirc;ng tr&igrave;nh nổi tiếng gắn liền với vị vua Bảo Đại. C&ocirc;ng tr&igrave;nh c&oacute; tổng diện t&iacute;ch khoảng 60ha, l&agrave; một trong những c&ocirc;ng tr&igrave;nh đồ sộ nhất thời bấy giờ.</li>\n	<li><strong><a href=\"https://vinpearl.com/vi/chua-linh-phuoc-da-lat\" target=\"_blank\">Ch&ugrave;a Linh Phước</a></strong>: Do to&agrave;n bộ kiến tr&uacute;c được l&agrave;m bằng s&agrave;nh sứ n&ecirc;n ch&ugrave;a c&ograve;n được gọi l&agrave; &ldquo;ch&ugrave;a Ve Chai&rdquo;. Đ&acirc;y l&agrave; một địa điểm du lịch t&ocirc;n gi&aacute;o, văn h&oacute;a nổi tiếng tại Đ&agrave; Lạt.</li>\n	<li><strong><a href=\"https://vinpearl.com/vi/doi-che-cau-dat\" target=\"_blank\">Đồi ch&egrave; Cầu Đất</a></strong>: Nơi n&agrave;y sở hữu khung cảnh thi&ecirc;n nhi&ecirc;n bao la b&aacute;t ng&aacute;t. Đứng từ tr&ecirc;n đồi, bạn c&oacute; thể chi&ecirc;m ngưỡng cảnh sắc h&ugrave;ng vĩ của n&uacute;i đồi, săn m&acirc;y, đ&oacute;n b&igrave;nh minh tuyệt đẹp.</li>\n</ul>\n\n<p><img alt=\"Du lịch Đà Lạt tự túc\" src=\"https://statics.vinpearl.com/du-lich-da-lat-tu-tuc-10_1700543054.jpg\" /></p>\n', 'https://res.cloudinary.com/doie0qiiq/image/upload/v1747381956/saoviet/qo2vsd6ezgjkpj8t4czq.jpg', 'Bạn đang có kế hoạch đi du lịch Đà Lạt tự túc? Hãy bỏ túi ngay thông tin chi tiết về lịch trình, các địa điểm thú vị, chi phí cũng như kinh nghiệm di chuyển hữu ích nhất được Vinpearl tổng hợp trong bài viết sau.', '2025-05-19 23:26:54.267613', 'Du lịch Đà Lạt tự túc - review TẤT TẦN TẬT cho người đi lần đầu', 'Thường', 10),
('f4616a3b-24aa-444e-bf32-f421b11c1f65', 'N20250002', '<p>Sở hữu kh&ocirc;ng gian rộng mở c&ugrave;ng vẻ đẹp nguy&ecirc;n sơ v&agrave; bầu kh&ocirc;ng kh&iacute; trong l&agrave;nh, hồ Bai C&aacute;i mang đến cho ch&uacute;ng ta những ph&uacute;t gi&acirc;y thư gi&atilde;n tuyệt vời.</p>\n\n<p><strong>Vị tr&iacute; thuận tiện, dễ d&agrave;ng tiếp cận</strong></p>\n\n<p>Nếu bạn đang sống tại H&agrave; Nội hay c&aacute;c tỉnh th&agrave;nh l&acirc;n cận th&igrave; hồ Bai C&aacute;i l&agrave; một địa điểm kh&ocirc;ng thể tuyệt vời hơn để gh&eacute; đến. Địa danh n&agrave;y n&agrave;y nằm ngay tr&ecirc;n trục v&agrave;nh đai H&ograve;a B&igrave;nh - Ninh B&igrave;nh - Thanh H&oacute;a. Hồ Bai C&aacute;i c&aacute;ch H&agrave; Nội chỉ 2 tiếng l&aacute;i xe v&agrave; c&aacute;ch H&ograve;a B&igrave;nh chỉ nửa tiếng đồng hồ di chuyển. Do đ&oacute;, việc di chuyển từ H&agrave; Nội hoặc H&ograve;a B&igrave;nh đến hồ Bai C&aacute;i cực kỳ tiện lợi. Bạn c&oacute; thể đi bằng xe m&aacute;y hoặc &ocirc; t&ocirc; đều được.</p>\n\n<p>Với vị tr&iacute; thuận tiện, hồ Bai C&aacute;i đang l&agrave; điểm đến của nhiều bạn trẻ v&agrave;o ng&agrave;y nghỉ cuối tuần hoặc v&agrave;o những ng&agrave;y nghỉ ngắn ng&agrave;y. Chỉ sau v&agrave;i tiếng chạy xe, bạn đ&atilde; xa rời th&agrave;nh phố ồn &agrave;o để được h&ograve;a m&igrave;nh v&agrave;o khung cảnh thi&ecirc;n nhi&ecirc;n y&ecirc;n tĩnh, m&aacute;t mẻ, tạm thời qu&ecirc;n đi cuộc sống x&ocirc; bồ ở phố thị.</p>\n\n<p><img alt=\"Hồ Bai Cá nằm cách không xa thành phố\" src=\"https://cdn.24h.com.vn/upload/2-2025/images/2025-04-25/Ho-Bai-Cai-diem-dung-chan-moi-cho-nhung-tam-hon-yeu-thien-nhien-anh-1-1745573842-349-width660height880.jpg\" /></p>\n\n<p>Hồ Bai C&aacute; nằm c&aacute;ch kh&ocirc;ng xa th&agrave;nh phố</p>\n\n<p><strong>Sức h&uacute;t của hồ Bai C&aacute;i với người y&ecirc;u thi&ecirc;n nhi&ecirc;n</strong></p>\n\n<p>Đặc điểm nổi bật của hồ Bai C&aacute;i l&agrave; nằm t&aacute;ch biệt ho&agrave;n to&agrave;n với khung cảnh ồn &agrave;o của phố thị. Hồ c&oacute; diện t&iacute;ch l&ecirc;n đến 14.000m2 v&agrave; được bao quanh bởi rừng trồng v&agrave; rừng tự nhi&ecirc;n. Vị tr&iacute; địa l&yacute; n&agrave;y mang đến cho hồ Bai C&aacute;i một khung cảnh v&ocirc; c&ugrave;ng n&ecirc;n thơ.</p>\n\n<p>Đến với địa danh n&agrave;y, bạn sẽ kh&ocirc;ng khỏi ngạc nhi&ecirc;n bởi thi&ecirc;n nhi&ecirc;n hoang sơ, h&ugrave;ng vĩ m&agrave; kh&ocirc;ng k&eacute;m phần l&atilde;ng mạn. Kh&ocirc;ng gian hồ hiện l&ecirc;n như một bức tranh thủy mặc với sự kết hợp h&agrave;i h&ograve;a của n&uacute;i rừng, mặt nước v&agrave; thảm thực vật đa dạng. Cảnh vật ở đ&acirc;y c&agrave;ng đẹp hơn v&agrave;o thời điểm s&aacute;ng s&aacute;ng v&agrave; l&uacute;c ho&agrave;ng h&ocirc;n. S&aacute;ng sớm, sương mờ bảng lảng tr&ecirc;n mặt hồ tạo n&ecirc;n khung cảnh thơ mộng như chốn bồng lai ti&ecirc;n cảnh.</p>\n\n<p>V&agrave;o những buổi chiều t&agrave;, &aacute;nh ho&agrave;ng h&ocirc;n phủ v&agrave;ng tr&ecirc;n mặt hồ, mang đến một kh&ocirc;ng gian l&atilde;ng mạn kh&oacute; qu&ecirc;n.</p>\n\n<p>Đặc biệt, cho đến nay, hồ Bai C&aacute;i vẫn giữ được vẻ đẹp hoang sơ như chưa từng c&oacute; sự hiện diện của b&agrave;n tay con người. Đ&acirc;y l&agrave; một trong những địa điểm hiếm hoi c&aacute;ch kh&ocirc;ng xa H&agrave; Nội m&agrave; vẫn giữ được khung cảnh nguy&ecirc;n sơ, thanh b&igrave;nh. Đ&acirc;y l&agrave; nơi tuyệt vời để bạn xa rời khỏi cuộc sống bộn bề v&agrave; t&igrave;m lại sự tĩnh tại của nội t&acirc;m.</p>\n\n<p><img alt=\"Hồ Bai Cái được thiên nhiên ban tặng vẻ đẹp bình yên, tĩnh lặng\" src=\"https://cdn.24h.com.vn/upload/2-2025/images/2025-04-25/Ho-Bai-Cai-diem-dung-chan-moi-cho-nhung-tam-hon-yeu-thien-nhien-anh-2-1745573842-553-width660height880.jpg\" /></p>\n\n<p>Hồ Bai C&aacute;i được thi&ecirc;n nhi&ecirc;n ban tặng vẻ đẹp b&igrave;nh y&ecirc;n, tĩnh lặng</p>\n\n<p><strong>Trải nghiệm c&aacute;c hoạt động hấp dẫn</strong></p>\n\n<p>Kh&ocirc;ng chỉ thu h&uacute;t bởi cảnh sắc thi&ecirc;n nhi&ecirc;n tuyệt đẹp, hồ Bai C&aacute;i c&ograve;n l&agrave; nơi l&yacute; tưởng để bạn c&ugrave;ng người th&acirc;n, bạn b&egrave; tổ chức c&aacute;c hoạt động ngo&agrave;i trời hấp dẫn như picnic, cắm trại, c&acirc;u c&aacute;, ch&egrave;o thuyền kayak,...Hoặc đơn giản chỉ l&agrave; đi dạo quanh hồ để thư gi&atilde;n v&agrave; tận hưởng bầu kh&ocirc;ng kh&iacute; trong l&agrave;nh.</p>\n\n<p>Thời gian gần đ&acirc;y, hồ Bai C&aacute;i l&agrave; địa điểm mới mẻ thu h&uacute;t nhiều bạn trẻ trong v&agrave; ngo&agrave;i nước đến tham quan kh&aacute;m ph&aacute;. C&aacute;c hoạt động trekking nhẹ v&agrave;o khu rừng quanh hồ v&agrave; ghi lại những bức h&igrave;nh đẹp mắt từ c&aacute;c g&oacute;c nh&igrave;n tự nhi&ecirc;n l&agrave; hoạt động v&ocirc; c&ugrave;ng th&uacute; vị đối với nhiều người.</p>\n\n<p><strong>Tiềm năng ph&aacute;t triển m&ocirc; h&igrave;nh sống h&ograve;a hợp với thi&ecirc;n nhi&ecirc;n</strong></p>\n\n<p>Nằm gần kề với c&aacute;c tỉnh như Ninh B&igrave;nh, H&ograve;a B&igrave;nh, Thanh H&oacute;a, huyện Thạch Th&agrave;nh n&oacute;i chung v&agrave; hồ Bai C&aacute;i n&oacute;i ri&ecirc;ng mở ra những kết nối đa chiều với nhiều cơ hội phối hợp ph&aacute;t triển như: Khởi sự m&ocirc; h&igrave;nh sống h&ograve;a hợp với thi&ecirc;n nhi&ecirc;n hoặc l&agrave; x&acirc;y dựng cộng đồng nhỏ gắn liền với thi&ecirc;n nhi&ecirc;n mang đặc trưng văn h&oacute;a khu vực.</p>\n\n<p>Sở hữu khung cảnh y&ecirc;n b&igrave;nh với sự tĩnh lặng v&agrave; h&agrave;i h&ograve;a, hồ Bai C&aacute;i ng&agrave;y c&agrave;ng nhận được sự quan t&acirc;m của nhiều người. Nhiều du kh&aacute;ch kh&ocirc;ng chỉ đến đ&acirc;y để nghỉ ngơi, thư gi&atilde;n v&agrave;i ng&agrave;y m&agrave; c&ograve;n muốn t&igrave;m hiểu nhiều hơn về chốn b&igrave;nh y&ecirc;n n&agrave;y. Họ cũng ước mơ về một g&oacute;c nhỏ cho tổ ấm của m&igrave;nh giữa thi&ecirc;n nhi&ecirc;n rộng lớn.</p>\n\n<p><img alt=\"Nơi đây không chỉ đẹp mà còn ẩn chứa nhiều tiềm năng phát triển\" src=\"https://cdn.24h.com.vn/upload/2-2025/images/2025-04-25/Ho-Bai-Cai-diem-dung-chan-moi-cho-nhung-tam-hon-yeu-thien-nhien-anh-3-1745573842-480-width660height556.jpg\" /></p>\n\n<p>Nơi đ&acirc;y kh&ocirc;ng chỉ đẹp m&agrave; c&ograve;n ẩn chứa nhiều tiềm năng ph&aacute;t triển</p>\n\n<p>Hồ Bai C&aacute;i hội tụ đủ những điều kiện thuận lợi để tổ chức một kh&ocirc;ng gian sống h&agrave;i h&ograve;a với thi&ecirc;n nhi&ecirc;n nhưng vẫn dễ d&agrave;ng kết nối với cuộc sống hiện đại nơi phố thị. Nếu bạn đ&atilde; từng mơ ước về một kh&ocirc;ng gian sống như vậy th&igrave; h&atilde;y nhanh ch&oacute;ng đặt ch&acirc;n đến đ&acirc;y để cảm nhận v&agrave; kh&aacute;m ph&aacute; những gi&aacute; trị to lớn đang được ẩn giấu b&ecirc;n trong vẻ đẹp n&ecirc;n thơ của mặt hồ.</p>\n\n<p>C&oacute; thể v&iacute; hồ Bai C&aacute;i như một thi&ecirc;n đường nghỉ dưỡng tuyệt đẹp d&agrave;nh cho những ai muốn đi trốn khỏi cuộc sống thị th&agrave;nh để t&aacute;i tạo năng lượng v&agrave; l&agrave;m mới bản th&acirc;n. Đến đ&acirc;y, bạn kh&ocirc;ng chỉ được tận hưởng những khoảnh khắc tĩnh lặng m&agrave; c&ograve;n c&oacute; thể t&igrave;m thấy điều g&igrave; đ&oacute; gi&aacute; trị hơn một kỳ nghỉ, mang đến những bất ngờ, th&uacute; vị trong cuộc sống của bạn.</p>\n', 'https://res.cloudinary.com/doie0qiiq/image/upload/v1748350526/saoviet/iabwmrbtutsf24dqtdxh.jpg', 'Giữa cảnh sống hối hả và ngột ngạt ở thành phố, nhiều người lựa chọn cách sống gần gũi với thiên nhiên như một liệu pháp để chữa lành tâm hồn. Hồ Bai Cái nằm tại xã Thành Mỹ, huyện Thạch Thành, tỉnh Thanh Hóa đang là điểm đến lý tưởng cho những ai yêu thích sự bình yên, tĩnh lặng và muốn tìm lại sự cân bằng trong cuộc sống.', '2025-05-27 19:55:25.861104', 'Hồ Bai Cái: Điểm dừng chân mới cho những tâm hồn yêu thiên nhiên', 'Thường', 1);

-- --------------------------------------------------------

--
-- Table structure for table `promotion`
--

CREATE TABLE `promotion` (
  `id` varchar(255) COLLATE utf8mb4_vietnamese_ci NOT NULL,
  `description` varchar(255) COLLATE utf8mb4_vietnamese_ci DEFAULT NULL,
  `discount` double DEFAULT NULL,
  `end_date` date DEFAULT NULL,
  `quantity` int DEFAULT NULL,
  `start_date` date DEFAULT NULL,
  `code` varchar(255) COLLATE utf8mb4_vietnamese_ci DEFAULT NULL,
  `created_time` datetime(6) DEFAULT NULL,
  `status` varchar(255) COLLATE utf8mb4_vietnamese_ci DEFAULT NULL,
  `title` varchar(255) COLLATE utf8mb4_vietnamese_ci DEFAULT NULL
) ENGINE=InnoDB DEFAULT CHARSET=utf8mb4 COLLATE=utf8mb4_vietnamese_ci;

--
-- Dumping data for table `promotion`
--

INSERT INTO `promotion` (`id`, `description`, `discount`, `end_date`, `quantity`, `start_date`, `code`, `created_time`, `status`, `title`) VALUES
('9c815954-d017-4480-b9bb-ff48bf2a882b', 'Áp dụng cho mọi tour và mọi khách hàng.', 100000, '2025-05-25', 48, '2025-05-20', 'HEHOT25', '2025-05-20 08:35:10.646026', 'Đã kết thúc', 'Giảm giá 100K');

-- --------------------------------------------------------

--
-- Table structure for table `review`
--

CREATE TABLE `review` (
  `id` varchar(255) COLLATE utf8mb4_vietnamese_ci NOT NULL,
  `customer_id` varchar(255) COLLATE utf8mb4_vietnamese_ci DEFAULT NULL,
  `rating` int DEFAULT NULL,
  `time_stamp` datetime(6) DEFAULT NULL,
  `tour_id` varchar(255) COLLATE utf8mb4_vietnamese_ci DEFAULT NULL,
  `comment` text COLLATE utf8mb4_vietnamese_ci
) ENGINE=InnoDB DEFAULT CHARSET=utf8mb4 COLLATE=utf8mb4_vietnamese_ci;

--
-- Dumping data for table `review`
--

INSERT INTO `review` (`id`, `customer_id`, `rating`, `time_stamp`, `tour_id`, `comment`) VALUES
('a84c0b46-0895-468f-b7be-52fdb0297a5f', '1347bc6c-0568-48b3-8a2c-f3c453618348', 4, '2025-05-19 23:21:39.509622', '2a851424-9745-4742-9c1e-60eca98c398e', 'Tuyet voi');

-- --------------------------------------------------------

--
-- Table structure for table `schedule`
--

CREATE TABLE `schedule` (
  `id` varchar(255) COLLATE utf8mb4_vietnamese_ci NOT NULL,
  `adult_price` double DEFAULT NULL,
  `children_price` double DEFAULT NULL,
  `code` varchar(255) COLLATE utf8mb4_vietnamese_ci DEFAULT NULL,
  `end_date` date DEFAULT NULL,
  `quantity_people` int DEFAULT NULL,
  `start_date` date DEFAULT NULL,
  `status` varchar(255) COLLATE utf8mb4_vietnamese_ci DEFAULT NULL,
  `total_people` int DEFAULT NULL,
  `tour_id` varchar(255) COLLATE utf8mb4_vietnamese_ci DEFAULT NULL,
  `created_time` datetime(6) DEFAULT NULL
) ENGINE=InnoDB DEFAULT CHARSET=utf8mb4 COLLATE=utf8mb4_vietnamese_ci;

--
-- Dumping data for table `schedule`
--

INSERT INTO `schedule` (`id`, `adult_price`, `children_price`, `code`, `end_date`, `quantity_people`, `start_date`, `status`, `total_people`, `tour_id`, `created_time`) VALUES
('21147ccf-0d6c-4b03-99ec-efbf1528ea81', 6000000, 5000000, 'LT2025000000005', '2025-05-29', 0, '2025-05-27', 'Chưa diễn ra', 20, '68f11a1b-7f72-4e63-8b8a-c21261c37d72', '2025-05-24 20:18:33.578216'),
('97ea5ccd-b06e-4a01-9ccf-aabbc8865e1c', 4500000, 3900000, 'LT2025000000003', '2025-05-27', 3, '2025-05-25', 'Đang diễn ra', 20, '3bbdf626-1ba7-4549-a4e4-cde096ea04fc', '2025-05-20 07:53:48.691959'),
('a52807ca-c78b-4fdf-a178-58ac6f4d3cf7', 5000000, 4500000, 'LT2025000000006', '2025-06-01', 3, '2025-05-30', 'Chưa diễn ra', 10, '2a851424-9745-4742-9c1e-60eca98c398e', '2025-05-27 01:07:17.529001'),
('ab2e919f-d0e3-49c2-8e8c-6c7acabe0e3c', 5000000, 4500000, 'LT2025000000004', '2025-05-29', 0, '2025-05-26', 'Đang diễn ra', 12, 'f5fbffc4-86f3-4553-914b-393722c310ad', '2025-05-23 14:33:12.023832'),
('c95ea5f5-2e96-4aa4-bb9b-951d6e7ba862', 4500000, 3800000, 'LT2025000000002', '2025-05-25', 4, '2025-05-23', 'Đã kết thúc', 15, '2a851424-9745-4742-9c1e-60eca98c398e', '2025-05-20 07:48:11.670139'),
('f93bdfd8-e42a-4e0a-91ba-dcfd960876bc', 4000000, 3200000, 'LT2025000000001', '2025-05-21', 14, '2025-05-19', 'Đã kết thúc', 20, '2a851424-9745-4742-9c1e-60eca98c398e', '2025-05-16 00:09:13.831903');

-- --------------------------------------------------------

--
-- Table structure for table `sequence`
--

CREATE TABLE `sequence` (
  `id` bigint NOT NULL,
  `last_number` int DEFAULT NULL,
  `type` varchar(255) COLLATE utf8mb4_vietnamese_ci DEFAULT NULL,
  `year` int DEFAULT NULL
) ENGINE=InnoDB DEFAULT CHARSET=utf8mb4 COLLATE=utf8mb4_vietnamese_ci;

--
-- Dumping data for table `sequence`
--

INSERT INTO `sequence` (`id`, `last_number`, `type`, `year`) VALUES
(1, 2, 'customer', 2025),
(2, 8, 'tour', 2025),
(3, 7, 'news', 2025),
(4, 6, 'schedule', 2025),
(5, 2, 'chatbot', 2025);

-- --------------------------------------------------------

--
-- Table structure for table `token`
--

CREATE TABLE `token` (
  `id` varchar(255) COLLATE utf8mb4_vietnamese_ci NOT NULL,
  `expiry_time` datetime DEFAULT NULL
) ENGINE=InnoDB DEFAULT CHARSET=utf8mb4 COLLATE=utf8mb4_vietnamese_ci;

-- --------------------------------------------------------

--
-- Table structure for table `tour`
--

CREATE TABLE `tour` (
  `id` varchar(255) COLLATE utf8mb4_vietnamese_ci NOT NULL,
  `code` varchar(255) COLLATE utf8mb4_vietnamese_ci DEFAULT NULL,
  `description` longtext COLLATE utf8mb4_vietnamese_ci,
  `destination` varchar(500) COLLATE utf8mb4_vietnamese_ci DEFAULT NULL,
  `name` varchar(500) COLLATE utf8mb4_vietnamese_ci DEFAULT NULL,
  `quantity_day` int DEFAULT NULL,
  `quantity_order` int DEFAULT NULL,
  `area` varchar(255) COLLATE utf8mb4_vietnamese_ci DEFAULT NULL,
  `time_stamp` datetime(6) DEFAULT NULL
) ENGINE=InnoDB DEFAULT CHARSET=utf8mb4 COLLATE=utf8mb4_vietnamese_ci;

--
-- Dumping data for table `tour`
--

INSERT INTO `tour` (`id`, `code`, `description`, `destination`, `name`, `quantity_day`, `quantity_order`, `area`, `time_stamp`) VALUES
('05788742-5379-4587-a915-8d8ddf501a91', 'T2025000004', '<p><strong>ƯU Đ&Atilde;I</strong></p>\n\n<ul>\n	<li><strong>Tặng mỗi kh&aacute;ch 01 v&eacute; foot massage.</strong></li>\n	<li><strong>Tặng v&eacute; c&aacute;p treo Y&ecirc;n Tử</strong>&nbsp;(chặng Hoa Y&ecirc;n).</li>\n</ul>\n\n<p><em>Số lượng qu&agrave; tặng c&oacute; giới hạn v&agrave; c&aacute;c khuyến m&atilde;i c&oacute; điều kiện &aacute;p dụng.</em></p>\n\n<p><strong>ĐIỂM NHẤN</strong></p>\n\n<ul>\n	<li><strong>Tham quan</strong>: Lăng Chủ Tịch Hồ Ch&iacute; Minh, thăm Phủ Chủ Tịch, ch&ugrave;a Một Cột, nh&agrave; s&agrave;n, ao c&aacute; B&aacute;c Hồ, Quần thể danh thắng Tr&agrave;ng An, ch&ugrave;a B&aacute;i Đ&iacute;nh nổi tiếng,&hellip;&nbsp;</li>\n	<li><strong>Lưu tr&uacute;</strong>: Kh&aacute;ch sạn chuẩn 4*.&nbsp;</li>\n	<li><strong>Ăn uống</strong>: B&aacute;nh cốm H&agrave; Nội, đặc sản d&ecirc; n&uacute;i Ninh B&igrave;nh, b&aacute;nh đậu xanh Hải Dương v&agrave; c&aacute;c m&oacute;n ăn đặc sản của v&ugrave;ng n&uacute;i T&acirc;y Bắc: Thắng Cố, cơm lam, lợn cắp n&aacute;ch&hellip;</li>\n	<li><strong>Hoạt động kh&aacute;c</strong>: Chinh phục đỉnh Fansipan với hệ thống c&aacute;p treo hiện đại; kh&aacute;m ph&aacute; bản C&aacute;t C&aacute;t với đặc trưng văn h&oacute;a v&ugrave;ng T&acirc;y Bắc,&hellip;</li>\n</ul>\n', 'HÀ NỘI – NINH BÌNH – HẠ LONG – YÊN TỬ – SAPA', 'MIỀN BẮC 6N5Đ | HÀ NỘI – NINH BÌNH – HẠ LONG – YÊN TỬ – SAPA', 6, 0, 'b', '2025-05-16 00:33:07.060733'),
('1f48bfc9-17cf-49be-916d-9b5de6c782ac', 'T2025000008', '<p><strong>H&agrave;nh tr&igrave;nh kh&aacute;m ph&aacute; vẻ đẹp h&ugrave;ng vĩ v&agrave; hoang sơ nơi cực Bắc Tổ quốc</strong></p>\n\n<p>&nbsp; &nbsp; &nbsp;C&ugrave;ng ch&uacute;ng t&ocirc;i chinh phục những cung đường đ&egrave;o uốn lượn, kh&aacute;m ph&aacute; n&eacute;t đẹp nguy&ecirc;n sơ của n&uacute;i rừng Đ&ocirc;ng Bắc trong <strong>Tour H&agrave; Giang &ndash; Lũng C&uacute; &ndash; Cao nguy&ecirc;n đ&aacute; Đồng Văn</strong>. Đ&acirc;y l&agrave; h&agrave;nh tr&igrave;nh đưa bạn đến với miền đất địa đầu Tổ quốc, nơi c&oacute; cột cờ Lũng C&uacute; thi&ecirc;ng li&ecirc;ng, những bản l&agrave;ng người M&ocirc;ng mộc mạc v&agrave; di sản đ&aacute; độc đ&aacute;o được UNESCO c&ocirc;ng nhận.</p>\n\n<p>🌄 <strong>Điểm nổi bật của tour:</strong></p>\n\n<ul>\n	<li>\n	<p>Check-in <strong>Cột cờ Lũng C&uacute;</strong> &ndash; nơi đ&aacute;nh dấu điểm cực Bắc Việt Nam</p>\n	</li>\n	<li>\n	<p>Tham quan <strong>Phố cổ Đồng Văn</strong> cổ k&iacute;nh, thưởng thức c&agrave; ph&ecirc; phố n&uacute;i</p>\n	</li>\n	<li>\n	<p>Chinh phục <strong>Đ&egrave;o M&atilde; P&igrave; L&egrave;ng</strong> &ndash; một trong &ldquo;tứ đại đỉnh đ&egrave;o&rdquo; h&ugrave;ng vĩ bậc nhất Việt Nam</p>\n	</li>\n	<li>\n	<p>Gh&eacute; thăm <strong>Dinh thự vua M&egrave;o</strong> &ndash; c&ocirc;ng tr&igrave;nh kiến tr&uacute;c độc đ&aacute;o giữa l&ograve;ng cao nguy&ecirc;n đ&aacute;</p>\n	</li>\n	<li>\n	<p>Trải nghiệm chợ phi&ecirc;n v&ugrave;ng cao đầy m&agrave;u sắc văn h&oacute;a</p>\n	</li>\n</ul>\n\n<p>Đ&acirc;y kh&ocirc;ng chỉ l&agrave; một chuyến đi, m&agrave; c&ograve;n l&agrave; h&agrave;nh tr&igrave;nh cảm nhận vẻ đẹp thi&ecirc;ng li&ecirc;ng của Tổ quốc v&agrave; những c&acirc;u chuyện đậm chất bản địa.</p>\n', 'Hà Giang - Lũng Cú - Đồng Văn', 'Hà Giang - Lũng Cú - Cao Nguyên Đá Đồng Văn', 3, 0, 'b', '2025-05-16 14:17:20.951055'),
('2a851424-9745-4742-9c1e-60eca98c398e', 'T2025000001', '<p><strong>ĐIỂM NHẤN CHƯƠNG TR&Igrave;NH</strong></p>\n\n<ul>\n	<li><strong>Tham quan</strong>:&nbsp;Cơ sở sản xuất Rượu Sim, Thị Trấn Ho&agrave;ng H&ocirc;n, Vườn Ti&ecirc;u Ph&uacute; Quốc, Dinh Cậu, Dinh B&agrave;, Tượng Đ&agrave;i B&aacute;c Hồ, Chương tr&igrave;nh T&agrave;u c&acirc;u c&aacute; &ndash; lặn ngắm san h&ocirc;,&hellip;&nbsp;</li>\n	<li><strong>Lưu tr&uacute;</strong>: Resort 4 sao.&nbsp;</li>\n	<li><strong>Hoạt động kh&aacute;c</strong>: tắm biển, lặn biển, ngắm san h&ocirc;, c&acirc;u c&aacute; v&agrave; thử sức với c&aacute;c tr&ograve; chơi biển.<br />\n	&nbsp;</li>\n</ul>\n\n<p><strong>QU&Agrave; TẶNG</strong></p>\n\n<ul>\n	<li><strong>N&oacute;n du lịch Lửa Việt.&nbsp;</strong></li>\n</ul>\n\n<p><em>Số lượng qu&agrave; tặng c&oacute; giới hạn v&agrave; c&aacute;c khuyến m&atilde;i c&oacute; điều kiện &aacute;p dụng.</em></p>\n', 'TP. HỒ CHÍ MINH - PHÚ QUỐC', 'BIỂN ĐẢO 3N2Đ | PHÚ QUỐC', 3, 6, 'n', '2025-05-16 00:06:26.586500'),
('3babf353-d8f0-41f7-bd95-e3c956f75a18', 'T2025000005', '<p>ĐIỂM NHẤN CHƯƠNG TR&Igrave;NH&nbsp;</p>\n\n<ul>\n	<li><strong>Tham quan</strong>: Dinh B&agrave; &ndash; Dinh Cậu, Ch&ugrave;a Hộ Quốc, Khu di t&iacute;ch lịch sử Nh&agrave; T&ugrave; Ph&uacute; Quốc, Check-in Địa Trung Hải Ph&uacute; Quốc, Đấu Trường La M&atilde;, Cầu H&ocirc;n Kiss Brridge tại thị trấn Ho&agrave;ng h&ocirc;n,&hellip;&nbsp;</li>\n	<li><strong>Lưu tr&uacute;</strong>: Kh&aacute;ch sạn 4 sao.&nbsp;</li>\n</ul>\n', 'HÀ NỘI – PHÚ QUỐC', 'BIỂN ĐẢO 4N3Đ | PHÚ QUỐC', 4, 0, 'n', '2025-05-16 00:39:40.546731'),
('3bbdf626-1ba7-4549-a4e4-cde096ea04fc', 'T2025000006', '<p>ĐIỂM NHẤN CHƯƠNG TR&Igrave;NH</p>\n\n<ul>\n	<li><strong>Tham quan:&nbsp;</strong>Th&aacute;c Dasara, Nh&agrave; thờ Domain, Ch&ugrave;a Linh Phước, Th&aacute;c Datanla, N&ocirc;ng trại c&uacute;n &ndash; Puppy Farm, Thung lũng t&igrave;nh y&ecirc;u, Quảng trường L&acirc;m Vi&ecirc;n,&hellip;&nbsp;</li>\n	<li><strong>Lưu tr&uacute;:&nbsp;</strong>Kh&aacute;ch sạn chuẩn 4 sao.</li>\n	<li><strong>Hoạt động kh&aacute;c</strong>: Thưởng thức show cồng chi&ecirc;ng T&acirc;y Nguy&ecirc;n.</li>\n</ul>\n', 'ĐÀ LẠT – BẢO LỘC', 'MIỀN TRUNG 3N2Đ | ĐÀ LẠT – BẢO LỘC', 3, 1, 't', '2025-05-16 01:37:12.631992'),
('5033e660-c773-4c3f-8878-52d6b66e3f50', 'T2025000003', '<p>ĐIỂM NHẤN CHƯƠNG TR&Igrave;NH</p>\n\n<ul>\n	<li><strong>Tham quan</strong>: Lăng Khải Định, Đại Nội, Ch&ugrave;a Thi&ecirc;n Mụ, L&agrave;ng hương trầm Thủy Xu&acirc;n, biển Mỹ Kh&ecirc;, Phố Cổ Hội An, khu vui chơi<br />\n	Fantasy Park,&hellip;&nbsp;</li>\n	<li><strong>Lưu tr&uacute;</strong>: Kh&aacute;ch sạn chuẩn 4 sao.&nbsp;</li>\n	<li><strong>Hoạt động kh&aacute;c</strong>: Thưởng thức ca Huế tr&ecirc;n s&ocirc;ng Hương.&nbsp;</li>\n</ul>\n', 'CỐ ĐÔ HUẾ – ĐÀ NẴNG – BÀ NÀ HILL – PHỐ CỔ HỘI AN', 'MIỀN TRUNG 4N3Đ | CỐ ĐÔ HUẾ – ĐÀ NẴNG – BÀ NÀ HILL – PHỐ CỔ HỘI AN', 4, 0, 't', '2025-05-16 00:25:09.623849'),
('68f11a1b-7f72-4e63-8b8a-c21261c37d72', 'T2025000002', '<p><strong>ĐIỂM NHẤN</strong></p>\n\n<ul>\n	<li><strong>Tham quan</strong>: Khu du lịch B&agrave; N&agrave; Hills, Ch&ugrave;a Linh Ứng, Cầu T&igrave;nh Y&ecirc;u, C&aacute; Ch&eacute;p H&oacute;a Rồng, Hội Qu&aacute;n Phước Kiến, chợ hải sản T&acirc;n Hiệp,&hellip;&nbsp;</li>\n	<li><strong>Lưu tr&uacute;</strong>: Kh&aacute;ch sạn chuẩn 4 sao.&nbsp;</li>\n	<li><strong>Ăn uống</strong>: B&aacute;nh tr&aacute;ng thịt heo 2 đầu da v&agrave; m&igrave; Quảng Đ&agrave; Nẵng.&nbsp;</li>\n	<li><strong>Hoạt động kh&aacute;c:</strong>&nbsp;Tắm biển Mỹ Kh&ecirc;, Trải nghiệm cano cao tốc.&nbsp;<br />\n	&nbsp;</li>\n</ul>\n\n<p><strong>QU&Agrave; TẶNG</strong></p>\n\n<ul>\n	<li><strong>N&oacute;n du lịch Lửa Việt.</strong></li>\n</ul>\n', 'ĐÀ NẴNG – CÙ LAO CHÀM – HỘI AN – BÀ NÀ', 'MIỀN TRUNG 3N2Đ | ĐÀ NẴNG – CÙ LAO CHÀM – HỘI AN – BÀ NÀ', 3, 0, 't', '2025-05-16 00:18:57.263996'),
('f5fbffc4-86f3-4553-914b-393722c310ad', 'T2025000007', '<p>QU&Agrave; TẶNG &ndash; KHUYẾN M&Atilde;I</p>\n\n<ul>\n	<li><strong>N&oacute;n du lịch Lửa Việt.</strong></li>\n	<li><strong>Tặng 01 v&eacute; foot massage.</strong></li>\n	<li><strong>Tặng 01 b&aacute;nh cốm H&agrave;ng Than + 01 que kem Tr&agrave;ng Tiền.</strong><br />\n	&nbsp;</li>\n</ul>\n\n<p>ĐIỂM NHẤN CHƯƠNG TR&Igrave;NH&nbsp;</p>\n\n<ul>\n	<li><strong>Tham quan</strong>: Hồ T&acirc;y, Ch&ugrave;a Trấn Quốc, đền Ngọc Sơn, cầu Th&ecirc; H&uacute;c, hồ Ho&agrave;n Kiếm, Bản C&aacute;t C&aacute;t,&hellip;&nbsp;</li>\n	<li><strong>Lưu tr&uacute;</strong>: Kh&aacute;ch sạn chuẩn 4 sao.&nbsp;</li>\n	<li><strong>Ăn uống</strong>: Thưởng thức đặc sản Miền Bắc: b&aacute;nh cốm H&agrave; Nội, kem Tr&agrave;ng Tiền v&agrave; c&aacute;c m&oacute;n ăn đặc sản của n&uacute;i rừng T&acirc;y Bắc&hellip;</li>\n	<li><strong>Hoạt động kh&aacute;c:</strong>&nbsp;Chinh phục đỉnh Fansipan với hệ thống c&aacute;p treo hiện đại.&nbsp;</li>\n</ul>\n', 'HÀ NỘI – LÀO CAI – SA PA', 'MIỀN BẮC 4N3Đ | HÀ NỘI – LÀO CAI – SA PA', 4, 0, 'b', '2025-05-16 01:36:48.697925');

-- --------------------------------------------------------

--
-- Table structure for table `tour_images`
--

CREATE TABLE `tour_images` (
  `tour_id` varchar(255) COLLATE utf8mb4_vietnamese_ci NOT NULL,
  `image` varchar(255) COLLATE utf8mb4_vietnamese_ci DEFAULT NULL
) ENGINE=InnoDB DEFAULT CHARSET=utf8mb4 COLLATE=utf8mb4_vietnamese_ci;

--
-- Dumping data for table `tour_images`
--

INSERT INTO `tour_images` (`tour_id`, `image`) VALUES
('2a851424-9745-4742-9c1e-60eca98c398e', 'https://res.cloudinary.com/doie0qiiq/image/upload/v1747328676/saoviet/ykqgf4oxbhffuo4uxblj.jpg'),
('2a851424-9745-4742-9c1e-60eca98c398e', 'https://res.cloudinary.com/doie0qiiq/image/upload/v1747328685/saoviet/xei1wt4trcetzqotawlj.jpg'),
('2a851424-9745-4742-9c1e-60eca98c398e', 'https://res.cloudinary.com/doie0qiiq/image/upload/v1747328679/saoviet/vghbglabqx4i5q9wm4yb.jpg'),
('2a851424-9745-4742-9c1e-60eca98c398e', 'https://res.cloudinary.com/doie0qiiq/image/upload/v1747328676/saoviet/nplh8q6ldhl0gih5cuqy.jpg'),
('68f11a1b-7f72-4e63-8b8a-c21261c37d72', 'https://res.cloudinary.com/doie0qiiq/image/upload/v1747329424/saoviet/pzukbcxa4m48xqrhvgth.png'),
('68f11a1b-7f72-4e63-8b8a-c21261c37d72', 'https://res.cloudinary.com/doie0qiiq/image/upload/v1747329424/saoviet/glnkbmlfp1luldluuwld.png'),
('68f11a1b-7f72-4e63-8b8a-c21261c37d72', 'https://res.cloudinary.com/doie0qiiq/image/upload/v1747329424/saoviet/svjnkrhll8x3ybihbfvo.png'),
('68f11a1b-7f72-4e63-8b8a-c21261c37d72', 'https://res.cloudinary.com/doie0qiiq/image/upload/v1747329424/saoviet/ibxzo38pq862cp3aynra.png'),
('5033e660-c773-4c3f-8878-52d6b66e3f50', 'https://res.cloudinary.com/doie0qiiq/image/upload/v1747329803/saoviet/lkvzge2gitxmly76x5bw.jpg'),
('5033e660-c773-4c3f-8878-52d6b66e3f50', 'https://res.cloudinary.com/doie0qiiq/image/upload/v1747329803/saoviet/guygqgqdazdr9vg7uhex.jpg'),
('5033e660-c773-4c3f-8878-52d6b66e3f50', 'https://res.cloudinary.com/doie0qiiq/image/upload/v1747329803/saoviet/b5tnsyhwbbmgubzn20l0.jpg'),
('5033e660-c773-4c3f-8878-52d6b66e3f50', 'https://res.cloudinary.com/doie0qiiq/image/upload/v1747329804/saoviet/fc0jn8y9qlaf0yscjiev.png'),
('05788742-5379-4587-a915-8d8ddf501a91', 'https://res.cloudinary.com/doie0qiiq/image/upload/v1747330097/saoviet/fumfvxulw0riooex92gd.png'),
('05788742-5379-4587-a915-8d8ddf501a91', 'https://res.cloudinary.com/doie0qiiq/image/upload/v1747330097/saoviet/ns9khevq9idkgjp1nfx5.png'),
('05788742-5379-4587-a915-8d8ddf501a91', 'https://res.cloudinary.com/doie0qiiq/image/upload/v1747330097/saoviet/lwoqzpreqypmukb4wfa8.png'),
('05788742-5379-4587-a915-8d8ddf501a91', 'https://res.cloudinary.com/doie0qiiq/image/upload/v1747330098/saoviet/elcpl8tbw2ysgak1i7iz.png'),
('3babf353-d8f0-41f7-bd95-e3c956f75a18', 'https://res.cloudinary.com/doie0qiiq/image/upload/v1747330662/saoviet/fpxpjnqc5wko3se3vhwo.jpg'),
('3babf353-d8f0-41f7-bd95-e3c956f75a18', 'https://res.cloudinary.com/doie0qiiq/image/upload/v1747330662/saoviet/ye0cregircj2r9rrmiyo.jpg'),
('3babf353-d8f0-41f7-bd95-e3c956f75a18', 'https://res.cloudinary.com/doie0qiiq/image/upload/v1747330662/saoviet/c1wlbpu6tqmbhz8cbtbv.jpg'),
('3babf353-d8f0-41f7-bd95-e3c956f75a18', 'https://res.cloudinary.com/doie0qiiq/image/upload/v1747330662/saoviet/agm5ep2qynwvluvmuorc.jpg'),
('f5fbffc4-86f3-4553-914b-393722c310ad', 'https://res.cloudinary.com/doie0qiiq/image/upload/v1747334212/saoviet/pgllbt3yr73nw7hyetwm.jpg'),
('f5fbffc4-86f3-4553-914b-393722c310ad', 'https://res.cloudinary.com/doie0qiiq/image/upload/v1747334210/saoviet/ilanc5ffafq4v9oauol1.png'),
('f5fbffc4-86f3-4553-914b-393722c310ad', 'https://res.cloudinary.com/doie0qiiq/image/upload/v1747334209/saoviet/rabzlku8u14o8ubhyq03.jpg'),
('f5fbffc4-86f3-4553-914b-393722c310ad', 'https://res.cloudinary.com/doie0qiiq/image/upload/v1747334210/saoviet/qoqxbtf2mbohritthxeo.png'),
('3bbdf626-1ba7-4549-a4e4-cde096ea04fc', 'https://res.cloudinary.com/doie0qiiq/image/upload/v1747333870/saoviet/bs4e9yvyows6k4zggesw.jpg'),
('3bbdf626-1ba7-4549-a4e4-cde096ea04fc', 'https://res.cloudinary.com/doie0qiiq/image/upload/v1747333871/saoviet/hfewhuswfseq36vixkte.jpg'),
('3bbdf626-1ba7-4549-a4e4-cde096ea04fc', 'https://res.cloudinary.com/doie0qiiq/image/upload/v1747333870/saoviet/hrpz4ble6ypyoufq5nit.jpg'),
('3bbdf626-1ba7-4549-a4e4-cde096ea04fc', 'https://res.cloudinary.com/doie0qiiq/image/upload/v1747333871/saoviet/osgr8q3ylm9f3tzqgacb.jpg'),
('1f48bfc9-17cf-49be-916d-9b5de6c782ac', 'https://res.cloudinary.com/doie0qiiq/image/upload/v1747379821/saoviet/yzsal6esvtr8l4v9zlfd.jpg'),
('1f48bfc9-17cf-49be-916d-9b5de6c782ac', 'https://res.cloudinary.com/doie0qiiq/image/upload/v1747379821/saoviet/nlfgnhyazihkw1efyzjs.jpg'),
('1f48bfc9-17cf-49be-916d-9b5de6c782ac', 'https://res.cloudinary.com/doie0qiiq/image/upload/v1747379820/saoviet/vvszvqdxi2zo3ihbtelx.jpg'),
('1f48bfc9-17cf-49be-916d-9b5de6c782ac', 'https://res.cloudinary.com/doie0qiiq/image/upload/v1747379832/saoviet/qlikfh8flodsylgrdjyk.webp');

-- --------------------------------------------------------

--
-- Table structure for table `tour_itineraries`
--

CREATE TABLE `tour_itineraries` (
  `tour_id` varchar(255) COLLATE utf8mb4_vietnamese_ci NOT NULL,
  `day_number` int DEFAULT NULL,
  `description` longtext COLLATE utf8mb4_vietnamese_ci,
  `title` varchar(255) COLLATE utf8mb4_vietnamese_ci DEFAULT NULL
) ENGINE=InnoDB DEFAULT CHARSET=utf8mb4 COLLATE=utf8mb4_vietnamese_ci;

--
-- Dumping data for table `tour_itineraries`
--

INSERT INTO `tour_itineraries` (`tour_id`, `day_number`, `description`, `title`) VALUES
('2a851424-9745-4742-9c1e-60eca98c398e', 1, '<p>Tập trung tại s&acirc;n bay T&acirc;n Sơn Nhất, đ&aacute;p chuyến bay TP. HCM &ndash; Ph&uacute; Quốc.&nbsp;<em>(C&aacute;c chuyến bay dự kiến từ 09:45 &ndash; 11:00)</em>.&nbsp;Đến s&acirc;n bay Ph&uacute; Quốc, xe v&agrave; hướng dẫn vi&ecirc;n đ&oacute;n kh&aacute;ch khởi h&agrave;nh tham quan:&nbsp;</p>\n\n<ul>\n	<li><strong>Cơ sở sản xuất Rượu Sim</strong><em>&nbsp;(loại vang ri&ecirc;ng của đảo):</em>&nbsp;Kh&aacute;m ph&aacute; đặc sản vang Sim với hương vị độc đ&aacute;o v&agrave; t&igrave;m hiểu quy tr&igrave;nh sản xuất.</li>\n	<li><strong>Vườn Ti&ecirc;u Ph&uacute; Quốc</strong>:&nbsp;Ti&ecirc;u Ph&uacute; Quốc nổi tiếng với hương vị ti&ecirc;u cay nồng, nổi tiếng.</li>\n</ul>\n\n<p>Ăn trưa với ẩm thực địa phương. Nhận ph&ograve;ng kh&aacute;ch sạn v&agrave; nghỉ ngơi (<em>Nhận ph&ograve;ng từ 14h00, hỗ trợ sớm nếu c&oacute; ph&ograve;ng trống</em>). Chiều, tiếp tục tham quan:</p>\n\n<ul>\n	<li><strong>Trại rắn Đồng T&acirc;m 2</strong>&nbsp;&ndash; xứ sở c&aacute;c lo&agrave;i rắn: Trải nghiệm thế giới rắn với hơn 100 lo&agrave;i, từ rắn hiền l&agrave;nh đến những lo&agrave;i cực độc.</li>\n	<li><strong>Dinh Cậu, Dinh B&agrave;</strong>&nbsp;&ndash; nơi gửi gắm đức tin của người d&acirc;n xứ đảo.</li>\n	<li><strong>Tượng Đ&agrave;i B&aacute;c Hồ:</strong>&nbsp;Với chủ đề &ldquo;Miền Nam trong tr&aacute;i tim t&ocirc;i&rdquo; cao 20,7 m&eacute;t, nặng hơn 93 tấn v&agrave; l&agrave; biểu tượng về văn h&oacute;a, g&oacute;p phần khẳng định chủ quyền biển, đảo của Tổ quốc.</li>\n</ul>\n\n<p>Ăn tối tại nh&agrave; h&agrave;ng. Tiếp tục chương tr&igrave;nh:</p>\n\n<ul>\n	<li><strong>Tham quan Tơ Lụa Việt</strong>&nbsp;thương hiệu chuy&ecirc;n cung cấp c&aacute;c sản phẩm: chăn, ga gối nệm&hellip;</li>\n	<li><strong>Kh&aacute;m ph&aacute; Grand World</strong>&nbsp;&ndash; Th&agrave;nh phố kh&ocirc;ng ngủ.&nbsp;<em>(Kh&ocirc;ng t&iacute;nh ph&iacute; v&agrave;o cổng &ndash; Chi ph&iacute; vui chơi tự t&uacute;c)</em>&nbsp;Tọa lạc tại vị tr&iacute; trung t&acirc;m Ph&uacute; Quốc United Center, diện t&iacute;ch l&ecirc;n đến 85ha với kiến tr&uacute;c cảnh quan rực rỡ lấy cảm hứng từ ch&acirc;u &Acirc;u. Được x&acirc;y dựng lộng lẫy tại 4 tiểu khu: Quảng trường, Shanghai, Indochine, Mallorca.</li>\n	<li>\n	<ul>\n		<li><em>Show diễn&nbsp;<strong>&ldquo;Tinh Hoa Việt Nam&rdquo;</strong>&nbsp;&ndash; h&agrave;ng ng&agrave;y l&uacute;c 20:15&nbsp;<strong>(chi ph&iacute; v&eacute; tự t&uacute;c).</strong></em></li>\n		<li><em>Tận hưởng cảm hứng Ch&acirc;u &Acirc;u qua show diễn<strong>&nbsp;Sắc m&agrave;u Venice</strong>: Show diễn miễn ph&iacute;, t&aacute;i hiện c&acirc;u chuyện t&igrave;nh y&ecirc;u l&atilde;ng mạn trong kh&ocirc;ng gian Ch&acirc;u &Acirc;u.</em></li>\n	</ul>\n	</li>\n</ul>\n\n<p>Trở về kh&aacute;ch sạn, nghỉ đ&ecirc;m.</p>\n', 'TP. HỒ CHÍ MINH - PHÚ QUỐC'),
('2a851424-9745-4742-9c1e-60eca98c398e', 2, '<p>Ăn s&aacute;ng. Khởi h&agrave;nh tham quan Nam Đảo:</p>\n\n<ul>\n	<li><strong>Cơ sở nu&ocirc;i cấy Ngọc Trai</strong>: Kh&aacute;m ph&aacute; qu&aacute; tr&igrave;nh nu&ocirc;i trai lấy ngọc v&agrave; quan s&aacute;t trực tiếp quy tr&igrave;nh mổ trai. Qu&yacute; kh&aacute;ch c&oacute; thể mua trang sức ngọc trai l&agrave;m qu&agrave; lưu niệm.</li>\n	<li><strong>Chương tr&igrave;nh T&agrave;u c&acirc;u c&aacute; &ndash; lặn ngắm san h&ocirc;:</strong>&nbsp;Khởi h&agrave;nh từ cảng biển, trải nghiệm c&acirc;u c&aacute; v&agrave; lặn ngắm san h&ocirc; với đầy đủ trang thiết bị.</li>\n</ul>\n\n<p>Trải nghiệm ăn trưa tr&ecirc;n t&agrave;u với &ldquo;chiến lợi phẩm&rdquo; hải sản biển c&acirc;u được.</p>\n\n<p>T&agrave;u đưa qu&yacute; kh&aacute;ch trở lại đất liền, tiếp tục tham quan:</p>\n\n<ul>\n	<li><strong>Nh&agrave; t&ugrave; Ph&uacute; Quốc:</strong>&nbsp;Di t&iacute;ch quốc gia đặc biệt.</li>\n	<li><strong>Ch&ugrave;a Hộ Quốc</strong>: Ng&ocirc;i ch&ugrave;a đẹp nhất đảo ngọc với vị tr&iacute;&nbsp;<em>&ldquo;tọa sơn hướng thủy&rdquo;.</em></li>\n	<li><strong>Cơ sở sản xuất nước mắm</strong>: Kh&aacute;m ph&aacute; l&agrave;ng nghề truyền thống l&agrave;m n&ecirc;n thương hiệu nước mắm Ph&uacute; Quốc nổi tiếng thế giới.</li>\n	<li><strong>Thị Trấn Ho&agrave;ng H&ocirc;n</strong>: Địa điểm du lịch h&agrave;ng đầu tại Ph&uacute; Quốc, mang đậm phong c&aacute;ch Địa Trung Hải với c&aacute;c biểu tượng nổi bật:&nbsp;<em>C&aacute;p treo H&ograve;n Thơm, Cầu H&ocirc;n, Th&aacute;p Đồng Hồ&hellip;</em></li>\n</ul>\n\n<p>Ăn tối buffet tại nh&agrave; h&agrave;ng. Xe đưa kh&aacute;ch về lại kh&aacute;ch sạn. Nghỉ đ&ecirc;m.&nbsp;</p>\n\n<p><em>***Nếu qu&yacute; kh&aacute;ch kh&ocirc;ng tham quan theo lịch tr&ecirc;n c&oacute; thể tự t&uacute;c với option tham quan sau:</em></p>\n\n<p><strong>Option tour: Tour Cano Tham quan 4 Đảo (chi ph&iacute; tự t&uacute;c từ: ~ 690,000VNĐ/kh&aacute;ch)</strong></p>\n\n<p>8h00: Đ&oacute;n kh&aacute;ch tại kh&aacute;ch sạn, tham quan cơ sở nu&ocirc;i cấy ngọc trai.</p>\n\n<ul>\n	<li><strong>H&ograve;n M&acirc;y R&uacute;t:</strong>&nbsp;Check-in v&agrave; tham quan.</li>\n	<li><strong>H&ograve;n Gầm Gh&igrave;</strong>: Bơi ngắm san h&ocirc; miễn ph&iacute;.</li>\n	<li><strong>H&ograve;n R&otilde;i</strong>: Trải nghiệm c&ocirc;ng vi&ecirc;n san h&ocirc; đi bộ dưới đ&aacute;y biển&nbsp;<em>(chi ph&iacute; tự t&uacute;c).</em></li>\n	<li><strong>H&ograve;n M&oacute;ng Tay</strong>: Tắm biển, nghỉ ngơi, chụp ảnh, quay flycam (miễn ph&iacute;)</li>\n</ul>\n\n<p>Ăn trưa. Trở về kh&aacute;ch sạn.</p>\n\n<p>(<em>Nếu qu&yacute; kh&aacute;ch chọn g&oacute;i bao gồm th&ecirc;m C&aacute;p treo H&ograve;n Thơm th&igrave; chương tr&igrave;nh vẫn tiếp tục. Nếu qu&yacute; kh&aacute;ch kh&ocirc;ng đi C&aacute;p treo, cano đưa qu&yacute; kh&aacute;ch về lại cảng. Tuỳ v&agrave;o t&igrave;nh h&igrave;nh thời tiết c&aacute;c h&ograve;n đảo sẽ được linh động nhưng vẫn đảm bảo đủ 4 đảo)</em></p>\n', 'PHÚ QUỐC - KHÁM PHÁ ĐẢO NGỌC'),
('2a851424-9745-4742-9c1e-60eca98c398e', 3, '<p>Ăn s&aacute;ng. L&agrave;m thủ tục trả ph&ograve;ng. Ra s&acirc;n bay l&agrave;m thủ tục đ&aacute;p chuyến bay trở lại TP. HCM.</p>\n\n<p><em>(C&aacute;c chuyến bay dự kiến sau 12:00)</em>. Đến s&acirc;n bay T&acirc;n Sơn Nhất, kết th&uacute;c chương tr&igrave;nh tham quan!</p>\n\n<p><em>*** Nếu qu&yacute; kh&aacute;ch book v&eacute; m&aacute;y bay chặng về c&aacute;c chuyến tối c&oacute; thể tự t&uacute;c lựa chọn th&ecirc;m c&aacute;c option tour sau:</em></p>\n\n<p><strong>1. Vinpearl Safari Ph&uacute; Quốc</strong>&nbsp;<em>(chi ph&iacute; tự t&uacute;c &ndash; gi&aacute; tham khảo: 650,000VNĐ)</em>&nbsp;&ndash; c&ocirc;ng vi&ecirc;n bảo tồn động vật với m&ocirc; h&igrave;nh b&aacute;n hoang d&atilde; đầu ti&ecirc;n của Việt Nam c&oacute; diện t&iacute;ch 380 ha với nhiều lo&agrave;i động vật qu&yacute; hiếm.</p>\n\n<p><strong>2. Vinwonders</strong>&nbsp;<em>(chi ph&iacute; tự t&uacute;c &ndash; gi&aacute; tham khảo: 950,000VNĐ/kh&aacute;ch)</em>&nbsp;&ndash; l&agrave; một khu giải tr&iacute; tổng hợp với nhiều tr&ograve; chơi trong nh&agrave; v&agrave; ngo&agrave;i trời như:&nbsp;<em>tàu lượn si&ecirc;u tốc, đu quay v&ograve;ng xoay, đĩa quay si&ecirc;u tốc, biểu diễn c&aacute; heo, c&ocirc;ng vi&ecirc;n nước, thủy cung, lễ hội đường phố&hellip;</em></p>\n\n<p><em><strong>C&aacute;c mốc thời gian c&oacute; gi&aacute; trị tham khảo, t&ugrave;y theo điều kiện thực tế m&agrave; lịch tr&igrave;nh c&oacute; thể thay đổi cho ph&ugrave; hợp.</strong></em></p>\n', 'PHÚ QUỐC - TP.HỒ CHÍ MINH'),
('68f11a1b-7f72-4e63-8b8a-c21261c37d72', 1, '<p>Đ&oacute;n qu&yacute; kh&aacute;ch tại&nbsp;<strong>s&acirc;n bay T&acirc;n Sơn Nhất</strong>, đ&aacute;p chuyến bay khởi h&agrave;nh đi Đ&agrave; Nẵng&nbsp;<em>(c&aacute;c chuyến bay dự kiến từ 07:00 &ndash; 09:30).&nbsp;</em>Đến Đ&agrave; Nẵng, xe v&agrave; HDV đ&oacute;n kh&aacute;ch.</p>\n\n<p>Ăn trưa đặc sản Đ&agrave; Nẵng&nbsp;<em>&ldquo;B&aacute;nh tr&aacute;ng thịt heo 2 đầu da &amp; m&igrave; Quảng&rdquo;</em>. Nhận ph&ograve;ng, nghỉ ngơi.</p>\n\n<p>Buổi chiều, khởi h&agrave;nh tham quan&nbsp;<strong>b&aacute;n đảo Sơn Tr&agrave;</strong>&nbsp;ngắm phố biển từ tr&ecirc;n cao.</p>\n\n<ul>\n	<li>Viếng<strong>&nbsp;Linh Ứng Tự</strong>&nbsp;&ndash; nơi c&oacute; tượng Phật B&agrave; cao 67 m&eacute;t cao nhất Việt Nam.</li>\n	<li><strong>C&ocirc;ng vi&ecirc;n kỳ quan thế giới Đ&agrave; Nẵng</strong>&nbsp;&ndash; c&ocirc;ng tr&igrave;nh thu nhỏ m&ocirc; phỏng 9 kỳ quan thế giới v&agrave; c&aacute;c địa danh nổi tiếng tại Việt Nam.</li>\n	<li>Tắm biển<strong>&nbsp;Mỹ Kh&ecirc;</strong>&nbsp;&ndash; từng được tạp ch&iacute; Forbes b&igrave;nh chọn l&agrave;&nbsp;b&atilde;i biển quyến rũ nhất h&agrave;nh tinh.</li>\n</ul>\n\n<p>Ăn tối. Tự do thưởng ngoạn du thuyền s&ocirc;ng H&agrave;n ngắm cảnh Đ&agrave; Th&agrave;nh về đ&ecirc;m.&nbsp;<em>(chi ph&iacute; tự t&uacute;c)</em></p>\n', 'TP. HCM – ĐÀ NẴNG – SƠN TRÀ'),
('68f11a1b-7f72-4e63-8b8a-c21261c37d72', 2, '<p>Ăn s&aacute;ng buffet tại kh&aacute;ch sạn. Di chuyển v&agrave;o Hội An, đến biển Cửa Đại, ngồi t&agrave;u cao tốc khởi h&agrave;nh đi&nbsp;<strong>C&ugrave; Lao Ch&agrave;m</strong>&nbsp;&ndash; khu dự trữ sinh quyển thế giới.</p>\n\n<ul>\n	<li><strong>Trải nghiệm cano cao tốc</strong>&nbsp;lướt tr&ecirc;n biển xanh, cano cập cảng B&atilde;i L&agrave;ng C&ugrave; Lao.</li>\n	<li><strong>Khu trưng b&agrave;y nền văn h&oacute;a Sa Huỳnh, khu bảo tồn biển C&ugrave; Lao Ch&agrave;m, ch&ugrave;a Hải Tạng cổ, chợ hải sản T&acirc;n Hiệp</strong>&hellip;</li>\n	<li>Tham gia c&aacute;c hoạt động lặn biển&nbsp;<em>(Snorkeling)&nbsp;</em>ngắm san h&ocirc;.</li>\n</ul>\n\n<p>Ăn trưa tại C&ugrave; Lao Ch&agrave;m. Cano đưa kh&aacute;ch trở về đất liền. Tham quan:</p>\n\n<ul>\n	<li><strong>Phố cổ Hội An</strong>&nbsp;&ndash; du kh&aacute;ch tản bộ kh&aacute;m ph&aacute; c&aacute;c c&ocirc;ng tr&igrave;nh kiến tr&uacute;c nổi tiếng:&nbsp;<em>Ch&ugrave;a Cầu Nhật Bản, c&aacute;c ng&ocirc;i nh&agrave; cổ h&agrave;ng trăm tuổi, Hội Qu&aacute;n Phước Kiến, Xưởng thủ c&ocirc;ng mỹ nghệ</em>. Phố cổ Hội An l&agrave; qu&aacute; khứ v&agrave;ng son của một thương cảng sầm uất thời phong kiến.</li>\n</ul>\n\n<p>Ăn tối. Khởi h&agrave;nh về lại Đ&agrave; Nẵng. Tự do kh&aacute;m ph&aacute; Đ&agrave; Nẵng về đ&ecirc;m. Nghỉ đ&ecirc;m tại&nbsp;<strong>Đ&agrave; Nẵng</strong>.</p>\n', 'ĐÀ NẴNG – CÙ LAO CHÀM – HỘI AN'),
('68f11a1b-7f72-4e63-8b8a-c21261c37d72', 3, '<p>Ăn s&aacute;ng buffet tại kh&aacute;ch sạn. Trả ph&ograve;ng. Khởi h&agrave;nh tham quan:</p>\n\n<ul>\n	<li><strong>Khu du lịch B&agrave; N&agrave; Hills</strong>&nbsp;&ndash; chinh phục B&agrave; N&agrave; bằng hệ thống c&aacute;p treo một d&acirc;y d&agrave;i nhất thế giới 5.801m v&agrave; l&agrave; một trong 10 tuyến c&aacute;p treo ấn tượng nhất thế giới. B&agrave; N&agrave; l&agrave; nơi c&oacute; những khoảnh khoắc giao m&ugrave;a bất ngờ&nbsp;<em>Xu&acirc;n &ndash; Hạ &ndash; Thu &ndash; Đ&ocirc;ng</em>&nbsp;trong một ng&agrave;y.</li>\n</ul>\n\n<p><strong><em>(chi ph&iacute; c&aacute;p treo B&agrave; N&agrave; tự t&uacute;c)</em></strong>.</p>\n\n<ul>\n	<li><strong>Ch&ugrave;a Linh Ứng</strong>&nbsp;với tượng Phật Th&iacute;ch Ca cao 27m, đền thờ&nbsp;<strong>B&agrave; Ch&uacute;a Mẫu Thượng Ng&agrave;n</strong>.</li>\n	<li><strong>Cầu V&agrave;ng</strong>&nbsp;&ndash; c&acirc;y cầu độc đ&aacute;o nằm trong vườn Thi&ecirc;n Thai, được x&acirc;y dựng tr&ecirc;n độ cao 1.400m so với mặt nước biển, được n&acirc;ng đỡ bởi kiến tr&uacute;c h&igrave;nh đ&ocirc;i b&agrave;n tay khổng lồ độc đ&aacute;o.</li>\n	<li>Vui chơi tại&nbsp;<strong>C&ocirc;ng vi&ecirc;n Fantasy Park</strong>&nbsp;với hơn 100 tr&ograve; chơi phi&ecirc;u lưu hấp dẫn, mang đến cho qu&yacute; kh&aacute;ch nhiều cung bậc cảm x&uacute;c bất ngờ v&agrave; th&uacute; vị.</li>\n</ul>\n\n<p><strong>Ăn trưa buffet tại B&agrave;</strong>&nbsp;<strong>N&agrave;&nbsp;<em>(chi ph&iacute; tự t&uacute;c)</em></strong>. Tiếp tục vui chơi tại&nbsp;<strong>B&agrave; N&agrave; Hills</strong>.</p>\n\n<p><em>*Gi&aacute; combo v&eacute; c&aacute;p treo B&agrave; N&agrave; Hills + v&eacute; buffet trưa tham khảo:&nbsp;<strong>1,250,000VNĐ</strong>/ người.</em></p>\n\n<p><em>(Nếu qu&yacute; kh&aacute;ch kh&ocirc;ng tham quan B&agrave; N&agrave; th&igrave; tự t&uacute;c ăn trưa v&agrave; tự t&uacute;c chi ph&iacute; nhập đo&agrave;n tại điểm hẹn).</em></p>\n\n<p>Di chuyển ra s&acirc;n bay Đ&agrave; Nẵng đ&aacute;p chuyến bay về lại TP. HCM.&nbsp;<em>(c&aacute;c chuyến bay dự kiến sau 19:00)</em>.&nbsp;</p>\n\n<p>Chia tay đo&agrave;n v&agrave; hẹn gặp lại. Kết th&uacute;c chương tr&igrave;nh tham quan.</p>\n\n<p><strong><em>C&aacute;c mốc thời gian c&oacute; gi&aacute; trị tham khảo, t&ugrave;y theo điều kiện thực tế m&agrave; lịch tr&igrave;nh c&oacute; thể thay đổi cho ph&ugrave; hợp.</em></strong></p>\n', 'ĐÀ NẴNG – BÀ NÀ – TP. HCM'),
('5033e660-c773-4c3f-8878-52d6b66e3f50', 1, '<p><strong>03h30:</strong>&nbsp;Hướng dẫn vi&ecirc;n v&agrave; xe đ&oacute;n đo&agrave;n tại Rạp xiếc Trung Ương H&agrave; Nội, khởi h&agrave;nh đi s&acirc;n bay Nội B&agrave;i, khởi h&agrave;nh đi Huế chuyến bay&nbsp;<strong>VN 1541</strong>&nbsp;<strong>(6:00 &ndash; 7:15)</strong></p>\n\n<p><strong>07h15:</strong>&nbsp;Đến s&acirc;n bay Ph&uacute; B&agrave;i, xe v&agrave; hướng dẫn vi&ecirc;n địa phương đ&oacute;n đo&agrave;n đi ăn s&aacute;ng tại nh&agrave; h&agrave;ng (chi ph&iacute; tự t&uacute;c). Sau đ&oacute;, đo&agrave;n đi tham quan:</p>\n\n<ul>\n	<li><strong>Lăng Khải Định</strong>: l&agrave; một trong những c&ocirc;ng tr&igrave;nh kiến tr&uacute;c nổi bật v&agrave; đỉnh cao của lăng tẩm thời Nguyễn. Lăng Khải Định được x&acirc;y dựng l&agrave; để tưởng nhớ v&agrave; thờ c&uacute;ng vua Nguyễn Khải Định, vị ho&agrave;ng đế thứ 12 của triều Nguyễn. Với sự kết hợp giữa kiến tr&uacute;c truyền thống v&agrave; những yếu tố nghệ thuật phương T&acirc;y, Lăng Khải Định mang đậm dấu ấn của sự h&ograve;a quyện giữa hai nền văn h&oacute;a.</li>\n</ul>\n\n<p><strong>Trưa:</strong>&nbsp;Qu&yacute; kh&aacute;ch ăn trưa tại nh&agrave; h&agrave;ng. Q&uacute;y kh&aacute;ch nhận ph&ograve;ng kh&aacute;ch sạn nghỉ ngơi, giờ nhận ph&ograve;ng l&uacute;c<strong>&nbsp;14h00</strong></p>\n\n<p><strong>Chiều:</strong>&nbsp;Xe v&agrave; HDV đ&oacute;n đo&agrave;n đi tham quan:</p>\n\n<ul>\n	<li><strong>Đại Nội</strong>&nbsp;(Ho&agrave;ng Cung của 13 vị vua triều Nguyễn, triều đại phong kiến cuối c&ugrave;ng của Việt Nam: Ngọ M&ocirc;n, Điện Th&aacute;i H&ograve;a, Tử Cấm Th&agrave;nh, Thế Miếu, Hiển L&acirc;m C&aacute;c, Cửu Đỉnh).</li>\n	<li><strong>Ch&ugrave;a Thi&ecirc;n Mụ</strong>&nbsp;hay c&ograve;n gọi l&agrave; ch&ugrave;a Linh Mụ l&agrave; một ng&ocirc;i ch&ugrave;a cổ nằm tr&ecirc;n đồi H&agrave; Kh&ecirc;, tả ngạn s&ocirc;ng Hương, c&aacute;ch trung t&acirc;m th&agrave;nh phố Huế khoảng 5 km về ph&iacute;a t&acirc;y.</li>\n</ul>\n\n<p><strong>Tối:</strong>&nbsp;Đo&agrave;n d&ugrave;ng bữa tối tại nh&agrave; h&agrave;ng. Xe v&agrave; Hướng dẫn vi&ecirc;n đưa qu&yacute; kh&aacute;ch ra s&ocirc;ng Hương, đo&agrave;n l&ecirc;n thuyền rồng nghe Ca Huế. Sau đ&oacute; đo&agrave;n tự do tham quan th&agrave;nh phố Huế thơ mộng về đ&ecirc;m. Qu&yacute; kh&aacute;ch nghỉ đ&ecirc;m kh&aacute;ch sạn 4 sao tại Huế.</p>\n', 'HÀ NỘI – HUẾ - LĂNG KHẢI ĐỊNH'),
('5033e660-c773-4c3f-8878-52d6b66e3f50', 2, '<p><strong>S&aacute;ng:</strong>&nbsp;Qu&yacute; kh&aacute;ch ăn s&aacute;ng tại kh&aacute;ch sạn.</p>\n\n<p><strong>08h30:</strong>&nbsp;Xe v&agrave; HDV đ&oacute;n đo&agrave;n đi tham quan:</p>\n\n<ul>\n	<li><strong>L&agrave;ng hương trầm Thủy Xu&acirc;n</strong>&nbsp;l&agrave; một trong những địa điểm du lịch Huế nổi tiếng m&agrave; hầu như mọi du kh&aacute;ch đều dừng ch&acirc;n gh&eacute; thăm</li>\n	<li>Đo&agrave;n tham quan v&agrave; mua sắm tại&nbsp;<strong>chợ Đ&ocirc;ng Ba</strong>, tại đ&acirc;y du kh&aacute;ch tự do mua sắm c&aacute;c đặc sản xứ Huế như mè xửng, mắm t&ocirc;m chua, tr&agrave; cung đình&hellip;</li>\n	<li>Tiếp theo, hướng dẫn vi&ecirc;n đưa đo&agrave;n thăm quan&nbsp;<strong>Chùa Từ Hi&ecirc;́u</strong>&nbsp;&ndash; một ng&ocirc;i ch&ugrave;a cổ k&iacute;nh, mang đậm n&eacute;t kiến tr&uacute;c xưa cũ của cố đ&ocirc; Huế.</li>\n</ul>\n\n<p><strong>11h00</strong>: Đo&agrave;n l&agrave;m thủ tục trả ph&ograve;ng kh&aacute;ch sạn.</p>\n\n<p><strong>Trưa:</strong>&nbsp;Đo&agrave;n ăn trưa tại nh&agrave; h&agrave;ng.</p>\n\n<p><strong>13h00:</strong>&nbsp;Qu&yacute; kh&aacute;ch l&ecirc;n xe di chuyển tới th&agrave;nh phố Đ&agrave; Nẵng, tr&ecirc;n đường qu&yacute; kh&aacute;ch dừng ch&acirc;n thăm quan, chụp h&igrave;nh tại b&atilde;i biển Lăng C&ocirc; &ndash; Thừa Thi&ecirc;n Hu&ecirc;́.</p>\n\n<p>15h00: Qu&yacute; kh&aacute;ch l&agrave;m thủ tục nhận ph&ograve;ng kh&aacute;ch sạn tại&nbsp;<strong>Đ&agrave; Nẵng</strong>. Q&uacute;y kh&aacute;ch tự do nghỉ ngơi, tự do tắm biển&nbsp;<strong>Mỹ Kh&ecirc;</strong>.</p>\n\n<p><strong>15h30:</strong>&nbsp;Xe đ&oacute;n qu&yacute; kh&aacute;ch đi thăm quan Phố cổ Hội An &ndash; nằm c&aacute;ch trung t&acirc;m th&agrave;nh phố Đ&agrave; Nẵng 35 km về ph&iacute;a nam, Hội An l&agrave; 1 thương cảng sầm uất bậc nhất của xứ Đ&agrave;ng Trong từ thời Trịnh Nguyễn ph&acirc;n tranh.</p>\n\n<ul>\n	<li>Đo&agrave;n b&aacute;ch bộ thưởng ngoạn vẻ đẹp&nbsp;<strong>Phố Cổ Hội An</strong>, rực rỡ soi b&oacute;ng b&ecirc;n d&ograve;ng s&ocirc;ng Ho&agrave;i, từng l&agrave; thương cảng sầm uất của người Chăm thế kỉ thứ II v&agrave; Việt Nam từ thế kỉ XVI.</li>\n	<li>Hướng dẫn vi&ecirc;n gi&uacute;p Qu&yacute; kh&aacute;ch t&igrave;m hiểu v&agrave; kh&aacute;m ph&aacute; những&nbsp;<strong>khu phố b&agrave;n cờ, Ch&ugrave;a Cầu Nhật Bản, Hội qu&aacute;n Phước Ki&ecirc;́n, Quảng Đ&ocirc;ng, nh&agrave; cổ T&acirc;n K&yacute;, nh&agrave; thờ Tộc Trần&hellip;</strong></li>\n</ul>\n\n<p><strong>Tối:</strong>&nbsp;Qu&yacute; kh&aacute;ch ăn tối tại nh&agrave; h&agrave;ng. Sau bữa tối, qu&yacute; kh&aacute;ch dạo chơi Hội An, chụp ảnh phố Hội về đ&ecirc;m.</p>\n\n<p>Xe đưa đo&agrave;n về kh&aacute;ch sạn tại Đ&agrave; Nẵng, qu&yacute; kh&aacute;ch tự do kh&aacute;m ph&aacute; th&agrave;nh phố Đ&agrave; Nẵng.</p>\n\n<p>Đo&agrave;n nghỉ đ&ecirc;m tại kh&aacute;ch sạn 4 sao tại Đ&agrave; Nẵng.</p>\n', 'LÀNG HƯƠNG THỦY XUÂN – CHÙA TỪ HIẾU – ĐÀ NẴNG'),
('5033e660-c773-4c3f-8878-52d6b66e3f50', 3, '<p><strong>S&aacute;ng</strong>: Qu&yacute; kh&aacute;ch ăn s&aacute;ng tại kh&aacute;ch sạn. Sau bữa s&aacute;ng, qu&yacute; kh&aacute;ch c&oacute; thể lựa chọn c&aacute;c option sau:</p>\n\n<p><strong>LỰA CHỌN 1:</strong>&nbsp;<strong>B&Agrave; N&Agrave; HILLS</strong></p>\n\n<p><strong>08h00:</strong>&nbsp;Xe đưa qu&yacute; kh&aacute;ch khởi h&agrave;nh đi&nbsp;<strong>Khu du lịch B&agrave; N&agrave; &ndash; N&uacute;i Ch&uacute;a</strong>&nbsp;(chi ph&iacute; v&eacute; tham quan kh&aacute;ch tự t&uacute;c 1.250.000đ bao gồm v&eacute; v&agrave; buffet), nơi m&agrave; qu&yacute; kh&aacute;ch kh&aacute;m ph&aacute; những khoảnh khắc giao m&ugrave;a bất ngờ Xu&acirc;n &ndash; Hạ &ndash; Thu &ndash; Đ&ocirc;ng trong 1 ng&agrave;y.</p>\n\n<p>Qu&yacute; kh&aacute;ch Đến ga&nbsp;<strong>c&aacute;p treo Suối Mơ</strong>, l&ecirc;n tuyến c&aacute;p treo đạt 2 kỷ lục thế giới, (d&agrave;i gần 6.000m), qu&yacute; kh&aacute;ch tham quan:</p>\n\n<ul>\n	<li>Khu Le Jardin, tham quan Hầm Rượu Debay của Ph&aacute;p.</li>\n	<li>Viếng Ch&ugrave;a Linh Ứng B&agrave; N&agrave;, chi&ecirc;m ngưỡng tượng Phật Th&iacute;ch Ca cao 27m</li>\n	<li>Vườn Lộc Uyển, Quan &Acirc;m C&aacute;c.</li>\n</ul>\n\n<p>Tiếp tục đến Gare Debay đi tuyến c&aacute;p thứ 2 l&ecirc;n đỉnh B&agrave; N&agrave;.</p>\n\n<p><strong>Trưa:</strong>&nbsp;Qu&yacute; kh&aacute;ch ăn trưa tại nh&agrave; h&agrave;ng tr&ecirc;n đỉnh B&agrave; N&agrave;.</p>\n\n<p>Tiếp tục chinh phục&nbsp;<strong>đỉnh n&uacute;i Ch&uacute;a</strong>&nbsp;ở độ cao 1.487m so với mực nước biển để thưởng thức quang cảnh n&uacute;i rừng B&agrave; N&agrave; v&agrave; to&agrave;n cảnh Đ&agrave; Nẵng v&agrave; Quảng Nam tr&ecirc;n cao. Tham quan&nbsp;<strong>khu vui chơi Fantasy Park</strong>, qu&yacute; kh&aacute;ch tự do tham gia c&aacute;c tr&ograve; chơi phi&ecirc;u lưu mới lạ, hấp dẫn, hiện đại như v&ograve;ng quay tình y&ecirc;u, phi c&ocirc;ng Skiver, đường đua lửa, xe điện đụng, ng&ocirc;i nh&agrave; ma&hellip;</p>\n\n<p><strong>14h30:</strong>&nbsp;Qu&yacute; kh&aacute;ch xuống c&aacute;p treo về lại Đ&agrave; Nẵng. Xe đưa qu&yacute; kh&aacute;ch về kh&aacute;ch sạn, qu&yacute; kh&aacute;ch tự do nghỉ ngơi, tắm biển.</p>\n\n<p><strong>Tối:</strong>&nbsp;Đo&agrave;n ăn tối tại nh&agrave; h&agrave;ng, sau đ&oacute; l&agrave; thời gian tự do kh&aacute;m ph&aacute; th&agrave;nh phố Đ&agrave; Nẵng về đ&ecirc;m, thưởng thức caf&eacute;, n&eacute;t văn h&oacute;a người d&acirc;n Đ&agrave; Nẵng. Qu&yacute; kh&aacute;ch nghỉ đ&ecirc;m tại Kh&aacute;ch sạn 4 sao ở Đ&agrave; Nẵng.</p>\n\n<p><strong>LỰA CHỌN 2:</strong>&nbsp;Qu&yacute; kh&aacute;ch nghỉ ngơi tại kh&aacute;ch sạn, tự do vui chơi kh&aacute;m ph&aacute; Đ&agrave; Nẵng. Q&uacute;y kh&aacute;ch tự t&uacute;c ăn trưa.</p>\n\n<p><strong>Tối:</strong>&nbsp;Đo&agrave;n ăn tối tại nh&agrave; h&agrave;ng, sau đ&oacute; l&agrave; thời gian tự do kh&aacute;m ph&aacute; th&agrave;nh phố Đ&agrave; Nẵng về đ&ecirc;m, thưởng thức caf&eacute;, n&eacute;t văn h&oacute;a người d&acirc;n Đ&agrave; Nẵng.</p>\n\n<p>Qu&yacute; kh&aacute;ch nghỉ đ&ecirc;m tại Kh&aacute;ch sạn 4 sao ở Đ&agrave; Nẵng.</p>\n', 'ĐÀ NẴNG – BÀ NÀ HILLS'),
('5033e660-c773-4c3f-8878-52d6b66e3f50', 4, '<p><strong>S&aacute;ng:</strong>&nbsp;Đo&agrave;n d&ugrave;ng bữa s&aacute;ng tại kh&aacute;ch sạn</p>\n\n<p>Xe đưa đo&agrave;n đi&nbsp;<strong>B&aacute;n Đảo Sơn Tr&agrave;</strong>&nbsp;&ndash; thưởng ngoạn to&agrave;n cảnh phố biển Đ&agrave; Nẵng tr&ecirc;n cao. Xe đưa qu&yacute; kh&aacute;ch dọc theo triền n&uacute;i Đ&ocirc;ng Nam để chi&ecirc;m ngưỡng vẻ đẹp tuyệt mỹ của biển Đ&agrave; Nẵng, viếng&nbsp;<strong>Linh Ứng Tự</strong>&nbsp;&ndash; nơi c&oacute; tượng Phật B&agrave; 65m cao nhất Việt Nam.</p>\n\n<p>Qu&yacute; kh&aacute;ch tự do đi chợ, đi mua sắm qu&agrave; về cho người th&acirc;n v&agrave; gia đình</p>\n\n<p><strong>10h30:</strong>&nbsp;Qu&yacute; kh&aacute;ch l&agrave;m thủ tục trả ph&ograve;ng kh&aacute;ch sạn. Xe v&agrave; HDV đưa đo&agrave;n đi d&ugrave;ng bữa trưa</p>\n\n<p>Sau đ&oacute;: Xe đưa đo&agrave;n ra s&acirc;n bay đ&aacute;p chuyến bay&nbsp;<strong>VN170</strong>&nbsp;l&uacute;c&nbsp;<strong>13h45</strong>&nbsp;về H&agrave; Nội.</p>\n\n<p><strong>15h10:</strong>&nbsp;Đến s&acirc;n bay Nội B&agrave;i, Xe v&agrave; HDV đ&oacute;n đo&agrave;n v&agrave; đưa đo&agrave;n về lại điểm đ&oacute;n ban đầu. Kết th&uacute;c chương trình tham quan!</p>\n\n<p><em><strong>C&aacute;c mốc thời gian c&oacute; gi&aacute; trị tham khảo, t&ugrave;y theo điều kiện thực tế m&agrave; lịch tr&igrave;nh c&oacute; thể thay đổi cho ph&ugrave; hợp.</strong></em></p>\n', 'BÁN ĐẢO SƠN TRÀ – HÀ NỘI'),
('05788742-5379-4587-a915-8d8ddf501a91', 1, '<p><em><strong>TOUR KHỞI H&Agrave;NH MỖI THỨ 5 TRONG TUẦN</strong></em></p>\n\n<p>Tập trung tại s&acirc;n bay T&acirc;n Sơn Nhất đ&aacute;p chuyến bay TP. HCM &ndash; H&Agrave; NỘI.&nbsp;<em>(C&aacute;c chuyến bay dự kiến từ 06:00 &ndash; 09:00)</em>. Xe v&agrave; HDV đ&oacute;n kh&aacute;ch tại s&acirc;n bay Nội B&agrave;i, đo&agrave;n di chuyển về trung t&acirc;m H&agrave; Nội.</p>\n\n<p>Ăn trưa. Nhận ph&ograve;ng kh&aacute;ch sạn. Khởi h&agrave;nh tham quan:</p>\n\n<ul>\n	<li><strong>Hồ T&acirc;y</strong>&nbsp;&ndash; Hồ lớn nhất H&agrave; Nội,&nbsp;<strong>ch&ugrave;a Trấn Quốc, Hồ Gươm</strong>,&nbsp;<strong>đền Ngọc Sơn, cầu Th&ecirc; H&uacute;c</strong>, chụp h&igrave;nh lưu niệm tại&nbsp;<strong>Nh&agrave; Thờ Lớn, Nh&agrave; H&aacute;t Lớn Th&agrave;nh phố</strong>.</li>\n	<li>Thưởng thức&nbsp;<strong>b&aacute;nh cốm H&agrave;ng Than, kem Tr&agrave;ng Tiền</strong>&nbsp;&ndash; N&eacute;t văn h&oacute;a ẩm thực đặc trưng rất ri&ecirc;ng của H&agrave; Nội.</li>\n</ul>\n\n<p>Ăn tối với buffet. Tự do kh&aacute;m ph&aacute; H&agrave; Nội về đ&ecirc;m. Nghỉ đ&ecirc;m tại H&agrave; Nội.</p>\n', 'TP. HỒ CHÍ MINH – HÀ NỘI'),
('05788742-5379-4587-a915-8d8ddf501a91', 2, '<p>Ăn s&aacute;ng. L&agrave;m thủ tục trả ph&ograve;ng. Khởi h&agrave;nh tham quan:&nbsp;</p>\n\n<ul>\n	<li><strong>Khu du lịch Tr&agrave;ng An &ndash; Ninh B&igrave;nh</strong>&nbsp;đ&atilde; được UNESCO c&ocirc;ng nhận l&agrave; Di sản Văn h&oacute;a v&agrave; Thi&ecirc;n nhi&ecirc;n Thế giới v&agrave;o năm 2014. Qu&yacute; kh&aacute;ch ngồi tr&ecirc;n thuyền du ngoạn kh&aacute;m ph&aacute; vẻ đẹp hoang sơ được v&iacute; như &ldquo;Vịnh Hạ Long tr&ecirc;n cạn&rdquo; với v&ocirc; v&agrave;n c&aacute;c hạng động, hệ thống s&ocirc;ng, suối chảy tr&agrave;n trong c&aacute;c thung lũng, c&aacute;c hang xuy&ecirc;n thủy động, c&aacute;c d&atilde;y n&uacute;i đ&aacute; v&ocirc;i tr&ugrave;ng điệp.</li>\n</ul>\n\n<p>Ăn trưa với đặc sản&nbsp;<strong>cơm ch&aacute;y</strong>&nbsp;<strong>D&ecirc; N&uacute;i</strong>.</p>\n\n<ul>\n	<li>Tham quan&nbsp;<strong>Ch&ugrave;a B&aacute;i Đ&iacute;nh</strong>,&nbsp;ng&ocirc;i ch&ugrave;a lớn nổi tiếng miền Bắc, l&agrave;m lễ cầu ph&uacute;c l&agrave;nh. Rời Ninh B&igrave;nh, theo quốc lộ 10 đi Hạ Long ngang qua c&aacute;c tỉnh Nam Định, Th&aacute;i B&igrave;nh, Hải Ph&ograve;ng.</li>\n</ul>\n\n<p>Rời&nbsp;<strong>Ninh B&igrave;nh</strong>, theo quốc lộ 10 đi Hạ Long. Tr&ecirc;n đường đi qu&yacute; kh&aacute;ch sẽ được cảm nhận cuộc sống, phong cảnh đặc trưng của đồng bằng Bắc Bộ với cảnh l&agrave;ng qu&ecirc; thanh b&igrave;nh qua c&aacute;c tỉnh Nam Định, Th&aacute;i B&igrave;nh, Hải Ph&ograve;ng.</p>\n\n<p>Ăn tối tại Hạ Long. Tự do kh&aacute;m ph&aacute;&nbsp;<strong>chợ đ&ecirc;m Hạ Long</strong>. Nghỉ đ&ecirc;m tại Hạ Long.</p>\n', 'HÀ NỘI – TRÀNG AN – BÁI ĐÍNH – HẠ LONG'),
('05788742-5379-4587-a915-8d8ddf501a91', 3, '<p>Ăn s&aacute;ng. Trả ph&ograve;ng kh&aacute;ch sạn. Khởi h&agrave;nh tham quan:</p>\n\n<ul>\n	<li><strong>Vịnh Hạ Long</strong>&nbsp;&ndash; Di sản thi&ecirc;n nhi&ecirc;n Thế giới được UNESCO c&ocirc;ng nhận. Chi&ecirc;m ngưỡng vẻ đẹp huyền b&iacute; của h&agrave;ng ng&agrave;n đảo đ&aacute; v&agrave; c&aacute;c hang động kỳ th&uacute;. Tham quan động Thi&ecirc;n Cung, ngắm cảnh L&agrave;ng Ch&agrave;i, h&ograve;n Ấm, h&ograve;n R&ugrave;a, h&ograve;n Đỉnh Hương, h&ograve;n Ch&oacute; Đ&aacute;, h&ograve;n G&agrave; Chọi,&hellip;</li>\n</ul>\n\n<p>Ăn trưa. Chiều tham quan:&nbsp;</p>\n\n<ul>\n	<li><strong>Khu danh thắng đất Phật Y&ecirc;n Tử</strong>&nbsp;&ndash; đất tổ của Thiền Ph&aacute;i Tr&uacute;c L&acirc;m. Qu&yacute; kh&aacute;ch đi c&aacute;p treo, tham quan Vườn Th&aacute;p Tổ, Ch&ugrave;a Hoa Y&ecirc;n&nbsp;<em><strong>(đ&atilde; bao gồm v&eacute; c&aacute;p treo Y&ecirc;n Tử chặng Hoa Y&ecirc;n)</strong></em>.</li>\n</ul>\n\n<p>Sau đ&oacute; khởi h&agrave;nh về H&agrave; Nội, tr&ecirc;n đường dừng ch&acirc;n thưởng thức đặc sản&nbsp;<strong>b&aacute;nh đậu xanh Hải Dương</strong>.</p>\n\n<p>Di chuyển về H&agrave; Nội, tr&ecirc;n đường dừng ch&acirc;n thưởng thức đặc sản&nbsp;<strong>b&aacute;nh đậu xanh Hải Dương.</strong></p>\n\n<p>Ăn tối với đặc sản<strong>&nbsp;b&uacute;n chả H&agrave; Nội</strong>. Nhận ph&ograve;ng, nghỉ ngơi.</p>\n\n<p>Tự do tham gia kh&ocirc;ng gian văn h&oacute;a H&agrave; Th&agrave;nh, kh&aacute;m ph&aacute; ẩm thực phố cổ (<em><strong>chi ph&iacute; tự t&uacute;c</strong></em>,&nbsp;<em>chợ diễn ra v&agrave;o tối thứ 6,7,CN h&agrave;ng tuần</em>). Nghỉ đ&ecirc;m tại H&agrave; Nội.</p>\n', 'HẠ LONG – YÊN TỬ - HÀ NỘI'),
('05788742-5379-4587-a915-8d8ddf501a91', 4, '<p>Ăn s&aacute;ng. Trả ph&ograve;ng kh&aacute;ch sạn. Khởi h&agrave;nh tham quan:</p>\n\n<ul>\n	<li><strong>Lăng Chủ Tịch Hồ Ch&iacute; Minh, Phủ Chủ Tịch, ch&ugrave;a Một Cột, nh&agrave; s&agrave;n, ao c&aacute; B&aacute;c Hồ&hellip;</strong></li>\n	<li><strong>Văn Miếu &ndash; Quốc Tử Gi&aacute;m</strong>&nbsp;&ndash; trường đại học đầu ti&ecirc;n của Việt Nam</li>\n</ul>\n\n<p>Ăn trưa. Khởi h&agrave;nh đi&nbsp;<strong>SaPa</strong>&nbsp;&ndash; được người Ph&aacute;p xưa gọi l&agrave; &ldquo;Kinh đ&ocirc; m&ugrave;a h&egrave; của xứ Bắc Kỳ&rdquo;, chạy theo đường cao tốc Nội B&agrave;i &ndash; L&agrave;o Cai d&agrave;i 245 km.</p>\n\n<p>Ngắm phong cảnh tuyệt đẹp tr&ecirc;n cung đường T&acirc;y Bắc, dừng ch&acirc;n nghỉ ngơi. Đến SaPa, nhận ph&ograve;ng.</p>\n\n<p>Ăn tối. Thư gi&atilde;n với liệu tr&igrave;nh massage ch&acirc;n,&nbsp;<strong>mỗi kh&aacute;ch được tặng 01 v&eacute; foot massage</strong>.</p>\n\n<p>Tự do kh&aacute;m ph&aacute; SaPa về đ&ecirc;m hoặc thưởng thức c&aacute;c m&oacute;n ăn đặc trưng của đồng b&agrave;o d&acirc;n tộc v&ugrave;ng T&acirc;y Bắc:&nbsp;<em>Thắng Cố, cơm lam, lợn cắp n&aacute;ch, khoai nướng, bắp nướng&hellip;</em></p>\n', 'HÀ NỘI – LÀO CAI – SAPA'),
('05788742-5379-4587-a915-8d8ddf501a91', 5, '<p>Ăn s&aacute;ng. Khởi h&agrave;nh tham quan&nbsp;<strong>bản C&aacute;t C&aacute;t</strong>. Tản bộ kh&aacute;m ph&aacute;&nbsp;<strong>bản C&aacute;t C&aacute;t</strong>&nbsp;của người H&rsquo;M&ocirc;ng, được người Ph&aacute;p ph&aacute;t hiện v&agrave; chọn l&agrave;m khu nghỉ dưỡng cho c&aacute;c quan chức thuộc địa từ đầu thế kỷ XX. Đến với bản C&aacute;t C&aacute;t, du kh&aacute;ch tham quan:&nbsp;<em>trạm thủy điện C&aacute;t C&aacute;t, th&aacute;c nước C&aacute;t C&aacute;t&hellip;</em></p>\n\n<p>Ăn trưa. Di chuyển đến ga c&aacute;p treo Fansipan bắt đầu h&agrave;nh tr&igrave;nh&nbsp;<strong>chinh phục Fansipan</strong>&nbsp;bằng hệ thống c&aacute;p treo 3 d&acirc;y hiện đại nhất thế giới với cabin c&oacute; sức chứa tới 35 kh&aacute;ch. Vượt qua 639 bậc thang chinh phục đỉnh Fansipan tr&ecirc;n độ cao 3.143m &ndash;&nbsp;<em>n&oacute;c nh&agrave; của Đ&ocirc;ng Dương.</em>&nbsp;<strong><em>(chi ph&iacute; c&aacute;p treo tự t&uacute;c)</em></strong></p>\n\n<p>Ăn tối. Tự do kh&aacute;m ph&aacute; SaPa về đ&ecirc;m. Nghỉ đ&ecirc;m tại SaPa.</p>\n', 'SAPA – BẢN CÁT CÁT – FANSIPAN'),
('05788742-5379-4587-a915-8d8ddf501a91', 6, '<p>Ăn s&aacute;ng. Trả ph&ograve;ng kh&aacute;ch sạn. Khởi h&agrave;nh về lại H&agrave; Nội.</p>\n\n<p>Ăn trưa. Di chuyển ra s&acirc;n bay Nội B&agrave;i đ&aacute;p chuyến bay H&Agrave; NỘI &ndash; TP. HCM.</p>\n\n<p><em>(C&aacute;c chuyến bay dự kiến từ 16:30 &ndash; 17:30).</em></p>\n\n<p>Kết th&uacute;c chương tr&igrave;nh tham quan!</p>\n\n<p><strong><em>C&aacute;c mốc thời gian c&oacute; gi&aacute; trị tham khảo, t&ugrave;y theo điều kiện thực tế m&agrave; lịch tr&igrave;nh c&oacute; thể thay đổi cho ph&ugrave; hợp.</em></strong></p>\n', 'SAPA - HÀ NỘI – TP.HCM'),
('3babf353-d8f0-41f7-bd95-e3c956f75a18', 1, '<p><strong>04h50:</strong>&nbsp;Xe đ&oacute;n Qu&yacute; kh&aacute;ch tại Cổng Rạp Xiếc Trung Ương &ndash; Đường Trần Nh&acirc;n T&ocirc;ng &ndash; Quận Hai B&agrave; Trưng &ndash; Tp H&agrave; Nội, khởi h&agrave;nh l&ecirc;n s&acirc;n bay Nội B&agrave;i l&agrave;m thủ tục chuyến bay&nbsp;<strong>VN1237</strong><strong>&nbsp;(07:25 &ndash; 09:30)&nbsp;</strong>đi Ph&uacute; Quốc. (Qu&yacute; kh&aacute;ch tự t&uacute;c ăn s&aacute;ng)</p>\n\n<p><strong>09h30:</strong>&nbsp;Đến S&acirc;n bay Ph&uacute; Quốc, xe v&agrave; HDV đ&oacute;n du kh&aacute;ch tại S&acirc;n bay Ph&uacute; Quốc, Xe v&agrave; Hướng dẫn vi&ecirc;n đưa Qu&yacute; kh&aacute;ch gh&eacute; thăm Ch&ugrave;a Sư Mu&ocirc;n v&agrave; khu du lịch Suối Tranh &ndash; đo&agrave;n tự do tham quan, lễ Ch&ugrave;a v&agrave; chụp ảnh.</p>\n\n<p><strong>Trưa:</strong>&nbsp;Đo&agrave;n ăn trưa tại nh&agrave; h&agrave;ng, sau đ&oacute; về kh&aacute;ch sạn nhận ph&ograve;ng, nghỉ ngơi.</p>\n\n<p><strong>Chiều</strong>: Khởi h&agrave;nh tham quan ph&iacute;a Đ&ocirc;ng đảo:</p>\n\n<ul>\n	<li><strong>Dinh B&agrave; &ndash; Dinh Cậu</strong>: L&agrave; nơi thờ người c&oacute; c&ocirc;ng khai hoang Ph&uacute; Quốc &ndash; Thủy n&ocirc;ng Th&aacute;nh mẫu c&ugrave;ng hai người con trai l&agrave; Cậu T&agrave;i, Cậu Qu&yacute;.</li>\n	<li><strong>Vườn ti&ecirc;u</strong>: với những nọc ti&ecirc;u thẳng tắp, xanh mơn mỡn, nổi tiếng chắc hạt, thơm ngon.</li>\n	<li>Tham quan&nbsp;<strong>trại nu&ocirc;i mật ong</strong>: t&igrave;m hiểu cuộc sống cần c&ugrave; của những ch&uacute; ong b&eacute; nhỏ v&agrave; học c&aacute;ch lấy mật ong (quay mật) của người d&acirc;n. Đến m&ugrave;a tr&aacute;i c&acirc;y, Qu&yacute; kh&aacute;ch c&ograve;n được chi&ecirc;m ngưỡng v&agrave; tận tay h&aacute;i c&aacute;c loại sầu ri&ecirc;ng, ch&ocirc;m ch&ocirc;m &hellip;.trĩu quả tr&ecirc;n c&agrave;nh</li>\n	<li><strong>Ngọc trai cao cấp Ph&uacute; Quốc</strong>: Qu&yacute; kh&aacute;ch được trực tiếp tham gia quy tr&igrave;nh nu&ocirc;i trai lấy ngọc tại c&aacute;c cơ sở nu&ocirc;i cấy ngọc trai chuy&ecirc;n nghiệp tại Ph&uacute; Quốc.</li>\n</ul>\n\n<p>Sau đ&oacute; qu&yacute; kh&aacute;ch c&oacute; thể chọn th&ecirc;m chương tr&igrave;nh tham quan khu check in nổi tiếng&nbsp;<strong>Sunset Sanato</strong>&nbsp;tại Ph&uacute; Quốc (chi ph&iacute; tự t&uacute;c &ndash; gi&aacute; xe tham khảo: 400.000đ/xe 16 chỗ, v&eacute; tham khảo 100,000/v&eacute;). Ngắm ho&agrave;ng h&ocirc;n tuyệt đẹp tr&ecirc;n Th&agrave;nh phố biển xinh đẹp ắt hẳn sẽ l&agrave; một trải nghiệm tuyệt vời cho du kh&aacute;ch đến với Ph&uacute; Quốc.</p>\n\n<p><strong>Tối:</strong>&nbsp;Qu&yacute; kh&aacute;ch ăn tối tại nh&agrave; h&agrave;ng, về kh&aacute;ch sạn nghỉ ngơi. Tự do dạo b&atilde;i biển, thưởng thức kh&ocirc;ng kh&iacute; y&ecirc;n tĩnh tuyệt vời của huyện đảo hoặc đăng k&yacute; tour gh&eacute;p c&acirc;u mực đ&ecirc;m (Chi ph&iacute; tự t&uacute;c).</p>\n\n<p><em><strong>Nghỉ đ&ecirc;m tại kh&aacute;ch sạn 4 sao.</strong></em></p>\n', 'HÀ NỘI – PHÚ QUỐC – ĐÔNG ĐẢO'),
('3babf353-d8f0-41f7-bd95-e3c956f75a18', 2, '<p><strong>S&aacute;ng:</strong>&nbsp;Qu&yacute; kh&aacute;ch dậy sớm ngắm cảnh b&igrave;nh minh tr&ecirc;n Đảo Ngọc, d&ugrave;ng điểm t&acirc;m s&aacute;ng tại kh&aacute;ch sạn. Xe v&agrave;</p>\n\n<p>Hướng dẫn vi&ecirc;n đ&oacute;n Q&uacute;y kh&aacute;ch bắt đầu kh&aacute;m ph&aacute; Nam đảo:</p>\n\n<ul>\n	<li><strong>Khu di t&iacute;ch lịch sử Nh&agrave; T&ugrave; Ph&uacute; Quốc</strong>: Được mệnh danh l&agrave; địa ngục trần gian, nơi đ&atilde; từng trải qua hai thời kỳ thực d&acirc;n Ph&aacute;p v&agrave; đế quốc Mỹ.</li>\n	<li>Xe đưa Qu&yacute; kh&aacute;ch đến cảng biển, l&ecirc;n t&agrave;u v&agrave; bắt đầu cuộc trải nghiệm h&agrave;nh tr&igrave;nh C&acirc;u c&aacute; lặn ngắm san h&ocirc; tr&ecirc;n t&agrave;u. Q&uacute;y kh&aacute;ch được cung cấp thiết bị c&acirc;u c&aacute; (d&acirc;y c&acirc;u, mồi) v&agrave; được trang bị &aacute;o phao, k&iacute;nh lặn, ống thở khi tham gia lặn biển ngắm san h&ocirc;.</li>\n</ul>\n\n<p><strong>11h30:</strong>&nbsp;Qu&yacute; kh&aacute;ch được trải nghiệm bữa ăn tr&ecirc;n t&agrave;u.</p>\n\n<p><strong>Chiều:</strong>&nbsp;Qu&yacute; kh&aacute;ch trở lại cảng biển v&agrave; tiếp tục h&agrave;nh tr&igrave;nh:</p>\n\n<ul>\n	<li><strong>B&atilde;i Sao:</strong>&nbsp;một trong những b&atilde;i biển đẹp nhất của Ph&uacute; Quốc với l&agrave;n nước xanh biếc, bờ c&aacute;t trắng mịn nổi tiếng tại Ph&uacute; Quốc. Đến B&atilde;i Sao, Qu&yacute; kh&aacute;ch tự do nghỉ ngơi, vui chơi v&agrave; tắm biển (ph&iacute; tắm nước ngọt + v&otilde;ng nằm: chi ph&iacute; tự t&uacute;c).</li>\n	<li><strong>Ch&ugrave;a Hộ Quốc (Thiền Viện Tr&uacute;c L&acirc;m Hộ Quốc)</strong>: một địa điểm tham quan t&acirc;m linh mới của Ph&uacute; Quốc.</li>\n	<li><strong>Check-in Địa Trung Hải Ph&uacute; Quốc, Đấu Trường La M&atilde;, Cầu H&ocirc;n Kiss Brridge tại thị trấn Ho&agrave;ng h&ocirc;n.</strong>&nbsp;Đ&acirc;y l&agrave; điểm check in mới được thiết kế với nguồn cảm hứng từ chuyện t&igrave;nh Ngưu Lang Chức Nữ kết hợp văn h&oacute;a Việt Nam v&agrave; Italia ngay tại đảo Ngọc Ph&uacute; Quốc. (Chi ph&iacute; v&eacute; tham quan tự t&uacute;c)</li>\n</ul>\n\n<p><strong>* Option th&ecirc;m:</strong>&nbsp;Xem show diễn mang t&ecirc;n&nbsp;<strong>&ldquo;Kiss the Stars&rdquo;&nbsp;</strong>&ndash; Nụ H&ocirc;n giữa Ng&agrave;n Sao sẽ đưa 5.000 kh&aacute;n giả đi xuy&ecirc;n qua dải ng&acirc;n h&agrave; để theo ch&acirc;n cuộc t&igrave;nh của Mộc V&agrave; Kim c&ugrave;ng những người bạn chiến đấu chống lại mối đe dọa từ vũ trụ. (Chi ph&iacute; tự t&uacute;c)</p>\n\n<p><strong>Tối:</strong>&nbsp;Qu&yacute; kh&aacute;ch d&ugrave;ng cơm tối tại nh&agrave; h&agrave;ng. Tự do tham quan Ph&uacute; Quốc về đ&ecirc;m.</p>\n\n<p><em><strong>Nghỉ đ&ecirc;m tại kh&aacute;ch sạn 4 sao.</strong></em></p>\n', 'KHÁM PHÁ NAM ĐẢO'),
('3babf353-d8f0-41f7-bd95-e3c956f75a18', 3, '<p><strong>07h00:</strong>&nbsp;Qu&yacute; kh&aacute;ch ăn s&aacute;ng tại kh&aacute;ch sạn.&nbsp;</p>\n\n<p><strong>08h00:&nbsp;</strong>Xe v&agrave; HDV đưa qu&yacute; kh&aacute;ch khởi h&agrave;nh đi Bắc Đảo.</p>\n\n<ul>\n	<li><strong>Đền thờ anh h&ugrave;ng d&acirc;n tộc Nguyễn Trung Trực</strong>: để tưởng nhớ vị anh h&ugrave;ng đ&atilde; xả th&acirc;n v&igrave; nước với tinh thần bất khuất, ki&ecirc;n cường.</li>\n	<li><strong>Đến Mũi G&agrave;nh Dầu</strong>: tận hưởng vẻ đẹp thuần khiết của B&atilde;i D&agrave;i, b&atilde;i biển được xem l&agrave; hoang sơ nhất Ph&uacute; Quốc. Ngắm nh&igrave;n nơi xa xa h&ograve;n đảo của đất nước l&aacute;ng giềng Campuchia.</li>\n	<li><strong>Kh&aacute;m ph&aacute; Th&agrave;nh phố kh&ocirc;ng ngủ &ndash; Grand World Ph&uacute; Quốc</strong>&nbsp;(miễn ph&iacute; v&eacute; v&agrave;o cổng): một trong những điểm hot nhất Ph&uacute; Quốc hiện nay như:</li>\n	<li><em>Kiến tr&uacute;c nh&agrave; Tre độc đ&aacute;o: C&ocirc;ng tr&igrave;nh nghệ thuật l&agrave;m từ 32.000 c&acirc;y tre, đậm n&eacute;t Quốc Hồn Quốc T&uacute;y.</em></li>\n	<li><em>Show diễn Tinh Hoa Việt Nam: Mini show diễn ra từ 9h00 &ndash; 18h30, t&aacute;i hiện tinh hoa d&acirc;n tộc.</em></li>\n	<li><em>Du ngoạn d&ograve;ng s&ocirc;ng Venice (&Yacute;).</em></li>\n	<li><em>Khu phố đ&egrave;n lồng Shanghai (Trung Quốc).</em></li>\n	<li><em>Khu m&aacute;i v&ograve;m &aacute;nh s&aacute;ng đổi m&agrave;u độc đ&aacute;o phong c&aacute;ch Clarke Quay (Singapore).</em></li>\n	<li><em>Tham quan c&ocirc;ng vi&ecirc;n T&igrave;nh Y&ecirc;u.</em></li>\n	<li><em>C&ocirc;ng vi&ecirc;n nghệ thuật đương đại Urban Park.</em></li>\n	<li><em>Th&aacute;p Hẹn h&ograve;.</em></li>\n	<li><em>Bảo t&agrave;ng Gấu Teddy.</em></li>\n</ul>\n\n<p><em>(Qu&yacute; kh&aacute;ch tự t&uacute;c c&aacute;c chi ph&iacute; tham quan tại Grand Word theo quy định của Vin Group như: Show diễn Tinh Hoa Việt Nam: 300.000đ/kh&aacute;ch; Bảo t&agrave;ng gấu Teddy: 200.000đ/kh&aacute;ch; Du thuyền tr&ecirc;n s&ocirc;ng Venice: 200.000đ/kh&aacute;ch)</em></p>\n\n<p><strong>Trưa:</strong>&nbsp;Qu&yacute; kh&aacute;ch ăn trưa tại nh&agrave; h&agrave;ng</p>\n\n<p><strong>Chiều:</strong>&nbsp;Sau bữa trưa đo&agrave;n khởi h&agrave;nh về lại kh&aacute;ch sạn, chiều tự do nghỉ ngơi. Hoặc tr&ecirc;n đường về qu&yacute; kh&aacute;ch c&oacute; thể lựa chọn đi:</p>\n\n<ul>\n	<li><strong>Vinpearl Wonder Ph&uacute; Quốc</strong>&nbsp;(chi ph&iacute; tự t&uacute;c): l&agrave; c&ocirc;ng vi&ecirc;n chủ đề với hơn 100 tr&ograve; chơi hấp dẫn với những trải nghiệm hấp dẫn với diện t&iacute;ch si&ecirc;u khủng l&ecirc;n tới gần 50ha với 6 ph&acirc;n khu chủ đề đặc sắc lần đầu ti&ecirc;n xuất hiện tại Việt Nam.</li>\n	<li><em>Khu cảm gi&aacute;c mạnh &ndash; Thế giới phi&ecirc;u lưu</em></li>\n	<li><em>Khu c&ocirc;ng vi&ecirc;n nước &ndash; Thế giới lốc xo&aacute;y</em></li>\n	<li><em>Khu l&acirc;u đ&agrave;i trung t&acirc;m &ndash; Ch&acirc;u &Acirc;u trung cổ</em></li>\n	<li><em>Khu cổ t&iacute;ch &ndash; Thế giới diệu kỳ</em></li>\n	<li><em>Khu Viking &ndash; Ng&ocirc;i l&agrave;ng b&iacute; mật</em></li>\n	<li><em>Cung điện hải vương</em></li>\n</ul>\n\n<p>Qu&yacute; kh&aacute;ch thưởng thức s&acirc;n khấu nhạc nước ho&agrave;nh tr&aacute;ng nhất Đ&ocirc;ng Nam Á, biểu diễn c&aacute; heo, chương tr&igrave;nh n&agrave;ng ti&ecirc;n c&aacute;, lễ hội đường phố, hoạt n&aacute;o đường phố.</p>\n\n<ul>\n	<li><strong>Vinpearl Safari</strong>&nbsp;vườn th&uacute; lớn thứ 2 Đ&ocirc;ng Nam &Aacute; (chi ph&iacute; tự t&uacute;c): l&agrave; c&ocirc;ng vi&ecirc;n sở th&uacute; hoang d&atilde; đầu ti&ecirc;n tại Việt Nam. Tại đ&acirc;y, du kh&aacute;ch sẽ được trải nghiệm m&ocirc; h&igrave;nh sở th&uacute; c&oacute; 1-0-2, check-in sống ảo c&ugrave;ng c&aacute;c lo&agrave;i động vật qu&yacute; hiếm hay chi&ecirc;m ngưỡng những m&agrave;n biểu diễn đỉnh cao.</li>\n</ul>\n\n<p><strong>Tối:</strong>&nbsp;Qu&yacute; kh&aacute;ch&nbsp;<strong>tự t&uacute;c</strong>&nbsp;bữa tối, thưởng thức c&aacute;c đặc sản của Ph&uacute; Quốc.</p>\n\n<p>Tự do tham quan Chợ Đ&ecirc;m Ph&uacute; Quốc<br />\nvề đ&ecirc;m.</p>\n\n<p><em><strong>Nghỉ ngơi tại kh&aacute;ch sạn.</strong></em></p>\n', 'KHÁM PHÁ BẮC ĐẢO PHÚ QUỐC'),
('3babf353-d8f0-41f7-bd95-e3c956f75a18', 4, '<p><strong>S&aacute;ng</strong>: Qu&yacute; kh&aacute;ch ăn s&aacute;ng tại kh&aacute;ch sạn sau đ&oacute; tự do tắm biển, nghỉ ngơi v&agrave; dọn đồ, trả ph&ograve;ng kh&aacute;ch sạn.</p>\n\n<p><strong>07h30:</strong>&nbsp;Đo&agrave;n l&ecirc;n xe đi s&acirc;n bay Dương Đ&ocirc;ng, đ&aacute;p chuyến bay khởi h&agrave;nh&nbsp;<strong>VN1236</strong>&nbsp;<strong>(10:05 &ndash; 12:05)</strong>&nbsp;về H&agrave; Nội (Qu&yacute; kh&aacute;ch tự t&uacute;c ăn trưa)</p>\n\n<p><strong>12h05</strong>: Đến&nbsp;<strong>S&acirc;n bay Nội B&agrave;i</strong>, xe v&agrave; hướng dẫn vi&ecirc;n đ&oacute;n qu&yacute; kh&aacute;ch về lại trung t&acirc;m th&agrave;nh phố. Chia tay qu&yacute; kh&aacute;ch v&agrave; hẹn gặp lại Qu&yacute; kh&aacute;ch!</p>\n\n<p><em><strong>Ghi ch&uacute;: Lịch tr&igrave;nh thăm quan c&oacute; thể thay đổi linh hoạt theo giờ bay v&agrave; theo thực tế nhưng vẫn đảm bảo đầy đủ c&aacute;c điểm theo chương tr&igrave;nh.</strong></em></p>\n\n<p><em><strong>C&aacute;c mốc thời gian c&oacute; gi&aacute; trị tham khảo, t&ugrave;y theo điều kiện thực tế m&agrave; lịch tr&igrave;nh c&oacute; thể thay đổi cho ph&ugrave; hợp.</strong></em></p>\n', 'TẠM BIỆT PHÚ QUỐC'),
('f5fbffc4-86f3-4553-914b-393722c310ad', 1, '<p>Tập trung tại s&acirc;n bay T&acirc;n Sơn Nhất đ&aacute;p chuyến bay TP. HCM &ndash; H&Agrave; NỘI.&nbsp;<em>(C&aacute;c chuyến bay dự kiến từ 06:00 &ndash; 09:00)</em>. Xe v&agrave; HDV đ&oacute;n kh&aacute;ch tại s&acirc;n bay Nội B&agrave;i, đo&agrave;n di chuyển về trung t&acirc;m H&agrave; Nội.</p>\n\n<p>Ăn trưa. Nhận ph&ograve;ng kh&aacute;ch sạn. Khởi h&agrave;nh tham quan:</p>\n\n<ul>\n	<li><strong>Hồ T&acirc;y</strong>&nbsp;&ndash; Hồ lớn nhất H&agrave; Nội,&nbsp;<strong>ch&ugrave;a Trấn Quốc, Hồ Gươm, đền Ngọc Sơn, cầu Th&ecirc; H&uacute;c</strong>, chụp h&igrave;nh lưu niệm tại&nbsp;<strong>Nh&agrave; Thờ Lớn, Nh&agrave; H&aacute;t Lớn</strong>&nbsp;th&agrave;nh phố.</li>\n	<li>Thưởng thức<strong>&nbsp;b&aacute;nh cốm H&agrave;ng Than, kem Tr&agrave;ng Tiền</strong>&nbsp;&ndash; N&eacute;t văn h&oacute;a ẩm thực đặc trưng rất ri&ecirc;ng của H&agrave; Nội.</li>\n</ul>\n\n<p>Ăn tối. Tự do kh&aacute;m ph&aacute; H&agrave; Nội về đ&ecirc;m. Nghỉ đ&ecirc;m tại H&agrave; Nội.</p>\n', 'TP. HCM – HÀ NỘI'),
('f5fbffc4-86f3-4553-914b-393722c310ad', 2, '<p>Ăn s&aacute;ng. Trả ph&ograve;ng. Tham quan&nbsp;<strong>Lăng B&aacute;c, thăm Phủ Chủ Tịch, nh&agrave; s&agrave;n, ao c&aacute; B&aacute;c Hồ, Ch&ugrave;a&nbsp;Một Cột, Văn Miếu &ndash; Quốc Tử Gi&aacute;m</strong>&nbsp;&ndash; trường đại học đầu ti&ecirc;n của Việt Nam.</p>\n\n<p>Ăn trưa. Khởi h&agrave;nh đi&nbsp;<strong>SaPa</strong>&nbsp;&ndash; nơi m&agrave; người Ph&aacute;p xưa gọi l&agrave; &ldquo;Kinh đ&ocirc; m&ugrave;a h&egrave; của xứ Bắc Kỳ&rdquo; theo tuyến đường cao tốc d&agrave;i nhất Việt Nam 250km. Đến L&agrave;o Cai, dừng ch&acirc;n chụp ảnh lưu niệm tại&nbsp;<strong>cột mốc bi&ecirc;n giới 102</strong>&nbsp;&ndash; cửa khẩu Quốc tế L&agrave;o Cai. Đến SaPa, nhận ph&ograve;ng kh&aacute;ch sạn.</p>\n\n<p>Ăn tối. Thư gi&atilde;n với liệu tr&igrave;nh massage ch&acirc;n,&nbsp;<em><strong>mỗi kh&aacute;ch được tặng 01 v&eacute; foot massage.</strong></em></p>\n\n<p>Tự do kh&aacute;m ph&aacute; phố n&uacute;i về đ&ecirc;m, tự do thưởng thức: Thắng Cố, cơm lam, lợn cắp n&aacute;ch, khoai nướng, bắp nướng&hellip; Nghỉ đ&ecirc;m tại thị trấn SaPa.&nbsp;</p>\n', 'HÀ NỘI – LÀO CAI – SAPA'),
('f5fbffc4-86f3-4553-914b-393722c310ad', 3, '<p>Ăn s&aacute;ng. Tham quan&nbsp;<strong>Bản C&aacute;t C&aacute;t</strong>&nbsp;&ndash; địa b&agrave;n cư tr&uacute; của người H&rsquo;M&ocirc;ng, ngắm cảnh h&ugrave;ng vĩ của n&uacute;i rừng T&acirc;y Bắc, tham quan th&aacute;c thuỷ điện C&aacute;t C&aacute;t do người Ph&aacute;p x&acirc;y dựng.</p>\n\n<p>Ăn trưa. Di chuyển đến ga c&aacute;p treo Fansipan bắt đầu h&agrave;nh tr&igrave;nh&nbsp;<strong>chinh phục Fansipan</strong>&nbsp;bằng hệ thống c&aacute;p treo 3 d&acirc;y hiện đại nhất thế giới với cabin c&oacute; sức chứa tới 35 kh&aacute;ch. Vượt qua 639 bậc thang chinh phục đỉnh Fansipan tr&ecirc;n độ cao 3.143m &ndash; n&oacute;c nh&agrave; của Đ&ocirc;ng Dương.&nbsp;<em><strong>(chi ph&iacute; c&aacute;p treo tự t&uacute;c)</strong></em></p>\n\n<p>Ăn tối. Tự do kh&aacute;m ph&aacute; SaPa về đ&ecirc;m. Nghỉ đ&ecirc;m tại thị trấn SaPa.</p>\n', 'SAPA – BẢN CÁT CÁT – FANSIPAN'),
('f5fbffc4-86f3-4553-914b-393722c310ad', 4, '<p>Ăn s&aacute;ng. Trả ph&ograve;ng. Khởi h&agrave;nh về lại H&agrave; Nội.</p>\n\n<p>Ăn trưa. Di chuyển ra s&acirc;n bay Nội B&agrave;i đ&aacute;p chuyến bay H&agrave; Nội &ndash; TP. HCM.</p>\n\n<p><em>(C&aacute;c chuyến bay dự kiến từ 16:30 &ndash; 17:30)</em>. Kết th&uacute;c chương tr&igrave;nh tham quan!</p>\n\n<p><em><strong>C&aacute;c mốc thời gian c&oacute; gi&aacute; trị tham khảo, t&ugrave;y theo điều kiện thực tế m&agrave; lịch tr&igrave;nh c&oacute; thể thay đổi cho ph&ugrave; hợp.</strong></em></p>\n', 'SAPA – HÀ NỘI – TP. HCM'),
('3bbdf626-1ba7-4549-a4e4-cde096ea04fc', 1, '<p><strong>09h30:</strong>&nbsp;Xe v&agrave; Hướng dẫn vi&ecirc;n (HDV) đ&oacute;n Qu&yacute; kh&aacute;ch tại&nbsp;<strong>Cổng C&ocirc;ng Vi&ecirc;n Thống Nhất &ndash; Đường Trần Nh&acirc;n T&ocirc;ng &ndash; Quận Hai B&agrave; Trưng &ndash; Tp H&agrave; Nội</strong>&nbsp;khởi h&agrave;nh l&ecirc;n S&acirc;n bay Nội B&agrave;i, đo&agrave;n l&agrave;m thủ tục đ&aacute;p chuyến bay<strong>&nbsp;VN1575 (12:00 &ndash; 13:50)</strong>&nbsp;khởi h&agrave;nh đi Đ&agrave; Lạt.&nbsp;<strong><em>(Qu&yacute; kh&aacute;ch tự t&uacute;c ăn trưa tr&ecirc;n m&aacute;y bay)</em></strong></p>\n\n<p><strong>13h50:</strong>&nbsp;Đến S&acirc;n bay Li&ecirc;n Khương, xe v&agrave; HDV địa phương đ&oacute;n đo&agrave;n khởi h&agrave;nh về Bảo Lộc.</p>\n\n<p><strong>16h30:</strong>&nbsp;Đo&agrave;n đến Bảo Lộc, đo&agrave;n đi thăm quan ng&ocirc;i ch&ugrave;a nổi tiếng Linh Quy Ph&aacute;p Ấn. Nằm c&aacute;ch th&agrave;nh phố Bảo Lộc khoảng 17km về ph&iacute;a Đ&ocirc;ng Nam, Linh Quy Ph&aacute;p Ấn được bầu chọn l&agrave; 1 trong 20 địa danh du lịch nổi tiếng nhất của Đ&agrave; Lạt. L&agrave; cảnh thực trong MV Ca nhạc nổi tiếng Lạc Tr&ocirc;i của Sơn T&ugrave;ng MTP, ch&ugrave;a Linh Quy Ph&aacute;p Ấn c&agrave;ng mờ ảo hơn khi b&igrave;nh minh hoặc l&uacute;c xế chiều. Qu&yacute; kh&aacute;ch thắp hương v&atilde;n cảnh ch&ugrave;a, chụp ảnh c&ugrave;ng với Cổng Trời độc đ&aacute;o với khung cảnh ho&agrave;ng h&ocirc;n mờ ảo. Về lại trung t&acirc;m th&agrave;nh phố nhận ph&ograve;ng kh&aacute;ch sạn nghỉ ngơi.</p>\n\n<p><strong>Tối</strong>: Đo&agrave;n d&ugrave;ng bữa tối tại nh&agrave; h&agrave;ng, thưởng thức những m&oacute;n ngon miền đất cao nguy&ecirc;n Di Linh nổi tiếng. Sau bữa tối, qu&yacute; kh&aacute;ch tự do dạo chơi Tp Bảo Lộc, tận hưởng cảm gi&aacute;c se lạnh ở độ cao 900m của Th&agrave;nh phố cao nguy&ecirc;n n&agrave;y.</p>\n\n<p><em><strong>Đo&agrave;n nghỉ đ&ecirc;m tại kh&aacute;ch sạn 4 sao ở Bảo Lộc.</strong></em></p>\n', 'HÀ NỘI – ĐÀ LẠT – BẢO LỘC');
INSERT INTO `tour_itineraries` (`tour_id`, `day_number`, `description`, `title`) VALUES
('3bbdf626-1ba7-4549-a4e4-cde096ea04fc', 2, '<p><strong>S&aacute;ng:</strong>&nbsp;Qu&yacute; kh&aacute;ch ăn s&aacute;ng tại kh&aacute;ch sạn, qu&yacute; kh&aacute;ch trả ph&ograve;ng kh&aacute;ch sạn, khởi h&agrave;nh đi tham quan KDL Th&aacute;c Đam B&rsquo;ri. Đam B&rsquo;ri Một ngọn th&aacute;c nổi tiếng bậc nhất của L&acirc;m Đồng, với chiều cao l&ecirc;n đến 57m. Qu&yacute; kh&aacute;ch thưởng ngoạn phong cảnh, lắng nghe &acirc;m vang của rừng n&uacute;i, với tiếng chim, tiếng mu&ocirc;n th&uacute;, h&ograve;a tiếng th&aacute;c đổ từ&nbsp;<em><strong>ngọn DamB&rsquo;ri</strong></em>&nbsp;h&ugrave;ng vỹ.</p>\n\n<ul>\n	<li>Tham quan&nbsp;<strong>th&aacute;c Dasara, vườn th&uacute;</strong>: xem ảo thuật, xiếc th&uacute; (khỉ đạp x&iacute;ch l&ocirc;, voi đ&aacute; banh, ch&oacute; l&agrave;m to&aacute;n&hellip;)</li>\n	<li>Tham quan&nbsp;<strong>L&agrave;ng d&acirc;n tộc Ch&acirc;u Mạ</strong>.</li>\n	<li>Đo&agrave;n d&ugrave;ng bữa trưa trong khu du lịch Th&aacute;c Dambri.</li>\n</ul>\n\n<p><strong>12h00:</strong>&nbsp;Đo&agrave;n khởi h&agrave;nh về lại Th&agrave;nh phố Đ&agrave; Lạt. Qu&yacute; kh&aacute;ch nghỉ ngơi tr&ecirc;n xe.</p>\n\n<p><strong>15h00</strong>: Đến Đ&agrave; Lạt, Qu&yacute; kh&aacute;ch thăm quan:</p>\n\n<ul>\n	<li><strong>Nh&agrave; thờ Domain, Biệt điện Bảo Đại (Dinh III),</strong>&nbsp;tự do tham quan chụp ảnh.</li>\n	<li><strong>Ch&ugrave;a Linh Phước:</strong>&nbsp;ng&ocirc;i ch&ugrave;a c&ograve;n c&oacute; t&ecirc;n gọi kh&aacute;c l&agrave;&nbsp;<strong>ch&ugrave;a &ldquo;Ve Chai&rdquo;</strong>&nbsp;bởi trong s&acirc;n ch&ugrave;a c&oacute; con rồng d&agrave;i 49 m&eacute;t được trang tr&iacute; bề mặt bằng cả chục ng&agrave;n vỏ chai. Đ&acirc;y l&agrave; c&ocirc;ng tr&igrave;nh kiến tr&uacute;c khảm s&agrave;nh đặc sắc của th&agrave;nh phố Đ&agrave; Lạt.</li>\n</ul>\n\n<p>Thăm quan xong, đo&agrave;n về lại Kh&aacute;ch sạn 4 sao nhận ph&ograve;ng, nghỉ ngơi.</p>\n\n<p><strong>Tối:</strong>&nbsp;Qu&yacute; kh&aacute;ch ăn tối tại nh&agrave; h&agrave;ng. Qu&yacute; kh&aacute;ch tự do kh&aacute;m ph&aacute; Đ&agrave; Lạt, thưởng thức hương vị caf&eacute; Đ&agrave; Lạt, dạo chợ mua sắm, thưởng thức sữa đậu n&agrave;nh n&oacute;ng, khoai nướng,.. hoặc đi xe đạp, xe ngưa dạo quanh<br />\nHồ Xu&acirc;n Hương.</p>\n\n<p><em><strong>Nghỉ đ&ecirc;m tại kh&aacute;ch sạn 4 sao ở Đ&agrave; Lạt.</strong></em></p>\n', 'BẢO LỘC – TP ĐÀ LẠT'),
('3bbdf626-1ba7-4549-a4e4-cde096ea04fc', 3, '<p>S&aacute;ng: Ăn s&aacute;ng v&agrave; trả ph&ograve;ng kh&aacute;ch sạn. Xe đưa đo&agrave;n đi tham quan:</p>\n\n<ul>\n	<li>KDL Th&aacute;c Datanla: một trong những th&aacute;c nước đẹp nhất Đ&agrave; Lạt với cảnh đẹp non nước hữu t&igrave;nh. Q&uacute;y kh&aacute;ch trải nghiệm đi bộ ngắm th&aacute;c nước hoặc tham gia c&aacute;c tr&ograve; chơi th&uacute; vị tại đ&acirc;y. (chi ph&iacute; tự t&uacute;c)</li>\n</ul>\n\n<p>Trưa : Qu&yacute; kh&aacute;ch ăn trưa tại nh&agrave; h&agrave;ng.</p>\n\n<p><strong>12h00:</strong>&nbsp;Qu&yacute; kh&aacute;ch l&ecirc;n &ocirc; t&ocirc; đi S&acirc;n bay Li&ecirc;n Khương đ&aacute;p chuyến bay&nbsp;<strong>VN1574</strong>&nbsp;<strong>(14:25 &ndash; 16:20)</strong>&nbsp;về H&agrave; Nội.</p>\n\n<p><strong>16h20:</strong>&nbsp;Đến S&acirc;n bay Nội B&agrave;i, xe v&agrave; hướng dẫn vi&ecirc;n đưa đo&agrave;n về điểm đ&oacute;n ban đầu. Kết th&uacute;c chương tr&igrave;nh.</p>\n\n<p>Hẹn gặp lại qu&yacute; kh&aacute;ch.</p>\n\n<p><strong><em>C&aacute;c mốc thời gian c&oacute; gi&aacute; trị tham khảo, t&ugrave;y theo điều kiện thực tế m&agrave; lịch tr&igrave;nh c&oacute; thể thay đổi cho ph&ugrave; hợp.</em></strong></p>\n', 'ĐÀ LẠT – HÀ NỘI'),
('1f48bfc9-17cf-49be-916d-9b5de6c782ac', 1, '<p><strong>5:30:</strong>&nbsp;Xe v&agrave; Hướng dẫn vi&ecirc;n đ&oacute;n Qu&yacute; kh&aacute;ch tại c&ocirc;ng ty Vietravel (Số 3, Hai B&agrave; Trưng, Ho&agrave;n Kiếm, H&agrave; Nội) (Qu&yacute; kh&aacute;ch tự t&uacute;c ăn s&aacute;ng). Xe khởi h&agrave;nh đi&nbsp;<strong>H&agrave; Giang</strong>&nbsp;- v&ugrave;ng đất c&oacute; ch&egrave; shan, rượu mật ong v&agrave; thắng cố, xứ sở của đ&agrave;o phai, hoa l&ecirc;, truyền thống v&agrave; n&aacute;o nhiệt trong buổi chợ phi&ecirc;n&hellip; Tr&ecirc;n đường, Qu&yacute; kh&aacute;ch c&oacute; thể tranh thủ ngắm cảnh rừng n&uacute;i Đ&ocirc;ng bắc v&ocirc; c&ugrave;ng h&ugrave;ng vĩ v&agrave; hoang sơ. V&agrave; dọc đường đi, xe sẽ dừng nghỉ, Qu&yacute; kh&aacute;ch c&oacute; thể xuống sẽ thư gi&atilde;n v&agrave; chụp h&igrave;nh lưu niệm. Qu&yacute; kh&aacute;ch dừng ch&acirc;n tại&nbsp;<strong>th&agrave;nh phố H&agrave; Giang</strong>&nbsp;để d&ugrave;ng bữa trưa tại nh&agrave; h&agrave;ng - thưởng thức c&aacute;c m&oacute;n ăn đặc sản địa phương như:&nbsp;<em>c&aacute; suối, x&ocirc;i gạo, nếp nương ngũ sắc,...</em></p>\n\n<p>Sau đ&oacute;, Qu&yacute; kh&aacute;ch sẽ đi qua rừng th&ocirc;ng bạt ng&agrave;n đẹp nhất Việt Nam trải d&agrave;i tr&ecirc;n c&aacute;c sườn n&uacute;i cao để đến với đến<strong>&nbsp;thị trấn Y&ecirc;n Minh.</strong>&nbsp;Qu&yacute; kh&aacute;ch di chuyển đến địa phận<strong>&nbsp;Huyện Đồng Văn</strong>&nbsp;chi&ecirc;m ngưỡng vẻ đẹp Cao nguy&ecirc;n đ&aacute; được UNESCO ghi nhận l&agrave; c&ocirc;ng vi&ecirc;n địa chất To&agrave;n Cầu v&agrave;o năm 2010. Qu&yacute; kh&aacute;ch c&oacute; thể dừng ch&acirc;n thăm quan:</p>\n\n<ul>\n	<li><strong>Dốc Thẩm M&atilde;</strong>&nbsp;&ndash; những con đường đ&egrave;o kh&uacute;c khuỷu, quanh co tựa như một dải lụa uốn lượn mềm mại trải d&agrave;i theo triền n&uacute;i.</li>\n	<li><strong>Phố C&aacute;o, Sủng L&agrave;</strong>, v&agrave;o l&agrave;ng văn h&oacute;a Lũng Cẩm nơi lấy bối cảnh những thước phim nổi tiếng &ldquo;Chuyện của Pao&rdquo; - v&agrave;o m&ugrave;a đ&ocirc;ng, m&ugrave;a xu&acirc;n nở rộ những đồng hoa cải v&agrave;ng hoặc hoa đ&agrave;o Tết, qu&aacute; th&iacute;ch hợp cho những thước h&igrave;nh l&atilde;ng mạn m&agrave; đậm n&eacute;t văn h&oacute;a. Chụp h&igrave;nh giữa vườn hoa mùa xu&acirc;n b&aacute;t ng&aacute;t v&agrave; thơ mộng.</li>\n</ul>\n\n<p>Sau đ&oacute; đo&agrave;n l&ecirc;n xe tiếp tục di chuyển về<strong>&nbsp;Phố Cổ Đồng Văn/ M&egrave;o Vạc</strong>. Qu&yacute; nhận ph&ograve;ng kh&aacute;ch sạn ăn tối tự do kh&aacute;m ph&aacute; phố cổ Đồng Văn/ M&egrave;o Vạc về đ&ecirc;m.</p>\n\n<p><strong>Ngủ đ&ecirc;m tại Đồng Văn/M&egrave;o Vạc</strong></p>\n', 'Hà Nội - Quản Bạ - Yên Minh - Đồng Văn/Mèo Vạc'),
('1f48bfc9-17cf-49be-916d-9b5de6c782ac', 2, '<p>Qu&yacute; kh&aacute;ch thức dậy sớm ăn s&aacute;ng v&agrave; l&agrave;m thủ tục trả ph&ograve;ng. Xe đưa Qu&yacute; kh&aacute;ch theo hướng M&egrave;o Vạc dọc theo d&ograve;ng s&ocirc;ng Nho Quế, Qu&yacute; kh&aacute;ch sẽ được tham quan:</p>\n\n<p>Bức tranh sơn thủy h&ugrave;ng vĩ của một trong tứ đại đỉnh đ&egrave;o v&ugrave;ng n&uacute;i ph&iacute;a Bắc -&nbsp;<strong>M&atilde; P&iacute; L&egrave;ng</strong>&nbsp;nằm dọc theo d&ograve;ng s&ocirc;ng xanh Nho Quế chảy qua khe vực n&uacute;i Tu Sản. Tr&ecirc;n đường dừng chụp h&igrave;nh tại tượng đ&agrave;i Thanh Ni&ecirc;n trước bảo t&agrave;ng Con Đường Hạnh Ph&uacute;c, ngắm to&agrave;n cảnh d&ograve;ng<strong>&nbsp;s&ocirc;ng Nho Quế</strong>&nbsp;từ tr&ecirc;n cao.</p>\n\n<p><strong><em>Qu&yacute; kh&aacute;ch c&oacute; thể lựa chọn (chi ph&iacute; tự t&uacute;c)</em></strong><em>:&nbsp;</em><strong><em>M&atilde; P&iacute; L&egrave;ng Panorama caf&eacute;, l&ecirc;n thuyền tham quan s&ocirc;ng Nho Quế ngắm hẻm vực Tu Sản.</em></strong></p>\n\n<p>Sau khi ăn trưa, Qu&yacute; kh&aacute;ch gh&eacute; thăm:</p>\n\n<ul>\n	<li><strong>Dinh thự vua M&egrave;o Vương Ch&iacute; S&igrave;nh</strong>&nbsp;với kiến tr&uacute;c độc đ&aacute;o v&agrave; những c&acirc;u chuyện đặc sắc.</li>\n	<li><strong>Lũng C&uacute;</strong>&nbsp;- Nơi địa đầu Tổ Quốc, hay c&ograve;n được mi&ecirc;u tả l&agrave;: &ldquo;Nơi c&uacute;i mặt s&aacute;t đất, ngẩng mặt đụng trời&rdquo;. Qu&yacute; kh&aacute;ch thăm quan Cột cờ Tổ Quốc v&agrave; chụp h&igrave;nh lưu niệm. Từ cột cờ Lũng C&uacute;, Qu&yacute; kh&aacute;ch c&oacute; thể ngắm phong cảnh ruộng bậc thang đẹp mắt xen kẽ những nh&agrave; tr&igrave;nh tường của d&acirc;n tộc L&ocirc; L&ocirc; trong bản S&eacute;o Lủng b&ecirc;n dưới.</li>\n	<li>Dừng chụp ảnh<strong>&nbsp;N&uacute;i Đ&ocirc;i C&ocirc; Ti&ecirc;n</strong>&nbsp;- &ldquo;t&aacute;c phẩm nghệ thuật&rdquo; của tạo ho&aacute; ban tặng cho v&ugrave;ng đất n&agrave;y, ngo&agrave;i ra Qu&yacute; kh&aacute;ch c&ograve;n c&oacute; dịp nghe kể về truyền thuyết v&ocirc; v&ugrave;ng hấp dẫn v&agrave; th&uacute; vị về nơi đ&acirc;y.</li>\n</ul>\n\n<p>Qu&yacute; kh&aacute;ch d&ugrave;ng bữa tối tại nh&agrave; h&agrave;ng v&agrave; nhận ph&ograve;ng nghỉ ngơi.</p>\n\n<p><strong>Ngủ đ&ecirc;m tại Th&agrave;nh phố H&agrave; Giang</strong></p>\n', 'Mã Pí Lèng - Cột cờ Lũng Cú - Tp Hà Giang'),
('1f48bfc9-17cf-49be-916d-9b5de6c782ac', 3, '<p>Qu&yacute; kh&aacute;ch thức dậy sớm ăn s&aacute;ng v&agrave; l&agrave;m thủ tục trả ph&ograve;ng. Xe khởi h&agrave;nh đưa Qu&yacute; kh&aacute;ch tham quan:</p>\n\n<ul>\n	<li><strong>Cột mốc số 0:</strong>&nbsp;đ&aacute;nh dấu điểm khởi c&ocirc;ng của con đường Hạnh Ph&uacute;c nối&nbsp;<strong>H&agrave; Giang</strong>&nbsp;v&agrave; 4 huyện&nbsp;<strong>v&ugrave;ng cao nguy&ecirc;n đ&aacute;.</strong></li>\n	<li><strong>Th&ocirc;n Hạ Th&agrave;nh</strong>&nbsp;c&aacute;ch trung t&acirc;m th&agrave;nh phố khoảng 6km. Đ&acirc;y l&agrave; th&ocirc;n của người d&acirc;n tộc T&agrave;y, Qu&yacute; kh&aacute;ch chi&ecirc;m ngưỡng vẻ đẹp kiến tr&uacute;c của những ng&ocirc;i nh&agrave; S&agrave;n rất độc đ&aacute;o t&igrave;m hiểu đời sống văn h&oacute;a của bản T&agrave;y. Sau đ&oacute; đo&agrave;n l&ecirc;n xe di chuyển về&nbsp;<strong>th&agrave;nh phố Tuy&ecirc;n Quang</strong>&nbsp;d&ugrave;ng bữa trưa tại nh&agrave; h&agrave;ng.</li>\n	<li>Qu&yacute; kh&aacute;ch dừng nghỉ ch&acirc;n mua sắm đặc sản miền n&uacute;i&nbsp;<strong>Tr&agrave; Shan Tuyết, mật ong Bạc H&agrave;, tr&acirc;u kh&ocirc; g&aacute;c bếp, nấm Hương, măng kh&ocirc;.</strong></li>\n</ul>\n\n<p>Xe v&agrave; Hướng dẫn vi&ecirc;n đưa Qu&yacute; kh&aacute;ch trở về H&agrave; Nội.</p>\n\n<p>Đo&agrave;n về tới điểm đ&oacute;n ban đầu, chia tay Qu&yacute; kh&aacute;ch, kết th&uacute;c chương tr&igrave;nh.</p>\n\n<p>&nbsp;</p>\n\n<p><strong><em>(*) Thứ tự c&aacute;c điểm thăm quan c&oacute; thể thay đổi theo t&igrave;nh h&igrave;nh thực tế tại thời điểm xuất ph&aacute;t nhưng vẫn đảm bảo đầy đủ c&aacute;c quyền lợi v&agrave; c&aacute;c điểm thăm quan theo chương tr&igrave;nh.</em></strong></p>\n', 'Hà Giang - Hà Nội');

--
-- Indexes for dumped tables
--

--
-- Indexes for table `admin`
--
ALTER TABLE `admin`
  ADD PRIMARY KEY (`id`),
  ADD UNIQUE KEY `UKcn2sefc6soqs1gqo4jwvhtbb7` (`code`),
  ADD UNIQUE KEY `UKc0r9atamxvbhjjvy5j8da1kam` (`email`),
  ADD UNIQUE KEY `UK3wx6cyhxqnmir7sde90jkhp1k` (`phone`);

--
-- Indexes for table `admin_roles`
--
ALTER TABLE `admin_roles`
  ADD KEY `FKgp47bc0lu5j4h6tcaeosqwytp` (`id`);

--
-- Indexes for table `booking`
--
ALTER TABLE `booking`
  ADD PRIMARY KEY (`id`),
  ADD UNIQUE KEY `UKtirjn0ldjn2xdqne9laduomc6` (`code`);

--
-- Indexes for table `chat_sessions`
--
ALTER TABLE `chat_sessions`
  ADD PRIMARY KEY (`id`);

--
-- Indexes for table `checkout`
--
ALTER TABLE `checkout`
  ADD PRIMARY KEY (`id`);

--
-- Indexes for table `customer`
--
ALTER TABLE `customer`
  ADD PRIMARY KEY (`id`),
  ADD UNIQUE KEY `UKrm1bp9bhtiih5foj17t8l500j` (`code`),
  ADD UNIQUE KEY `UKdwk6cx0afu8bs9o4t536v1j5v` (`email`),
  ADD UNIQUE KEY `UKo3uty20c6csmx5y4uk2tc5r4m` (`phone`);

--
-- Indexes for table `customer_roles`
--
ALTER TABLE `customer_roles`
  ADD KEY `FK6vg2k9wl18ly4cp6x8ouddvug` (`id`);

--
-- Indexes for table `hot_tour`
--
ALTER TABLE `hot_tour`
  ADD PRIMARY KEY (`id`);

--
-- Indexes for table `messages`
--
ALTER TABLE `messages`
  ADD PRIMARY KEY (`id`);

--
-- Indexes for table `news`
--
ALTER TABLE `news`
  ADD PRIMARY KEY (`id`);

--
-- Indexes for table `promotion`
--
ALTER TABLE `promotion`
  ADD PRIMARY KEY (`id`);

--
-- Indexes for table `review`
--
ALTER TABLE `review`
  ADD PRIMARY KEY (`id`);

--
-- Indexes for table `schedule`
--
ALTER TABLE `schedule`
  ADD PRIMARY KEY (`id`),
  ADD UNIQUE KEY `UKmfoqwlcsgf6qa1v6lauq33taq` (`code`);

--
-- Indexes for table `sequence`
--
ALTER TABLE `sequence`
  ADD PRIMARY KEY (`id`),
  ADD UNIQUE KEY `UKmug8vys7rqgcallm0fl9mbx0g` (`type`);

--
-- Indexes for table `token`
--
ALTER TABLE `token`
  ADD PRIMARY KEY (`id`);

--
-- Indexes for table `tour`
--
ALTER TABLE `tour`
  ADD PRIMARY KEY (`id`),
  ADD UNIQUE KEY `UK1or90qldxxh4mt7h7peijufnf` (`code`);

--
-- Indexes for table `tour_images`
--
ALTER TABLE `tour_images`
  ADD KEY `FKsr8u6cqvu0fxqst45pkhjnljw` (`tour_id`);

--
-- Indexes for table `tour_itineraries`
--
ALTER TABLE `tour_itineraries`
  ADD KEY `FKoye3f7cqsvt40pt94k9y2ikb9` (`tour_id`);

--
-- AUTO_INCREMENT for dumped tables
--

--
-- AUTO_INCREMENT for table `sequence`
--
ALTER TABLE `sequence`
  MODIFY `id` bigint NOT NULL AUTO_INCREMENT, AUTO_INCREMENT=6;

--
-- Constraints for dumped tables
--

--
-- Constraints for table `admin_roles`
--
ALTER TABLE `admin_roles`
  ADD CONSTRAINT `FKgp47bc0lu5j4h6tcaeosqwytp` FOREIGN KEY (`id`) REFERENCES `admin` (`id`);

--
-- Constraints for table `customer_roles`
--
ALTER TABLE `customer_roles`
  ADD CONSTRAINT `FK6vg2k9wl18ly4cp6x8ouddvug` FOREIGN KEY (`id`) REFERENCES `customer` (`id`);

--
-- Constraints for table `tour_images`
--
ALTER TABLE `tour_images`
  ADD CONSTRAINT `FKsr8u6cqvu0fxqst45pkhjnljw` FOREIGN KEY (`tour_id`) REFERENCES `tour` (`id`);

--
-- Constraints for table `tour_itineraries`
--
ALTER TABLE `tour_itineraries`
  ADD CONSTRAINT `FKoye3f7cqsvt40pt94k9y2ikb9` FOREIGN KEY (`tour_id`) REFERENCES `tour` (`id`);

DELIMITER $$
--
-- Events
--
CREATE DEFINER=`root`@`%` EVENT `update_status_promotion` ON SCHEDULE EVERY 1 DAY STARTS '2025-05-01 00:00:00' ON COMPLETION NOT PRESERVE ENABLE DO UPDATE promotion
SET status = CASE
    WHEN start_date <= NOW() AND end_date >= NOW() THEN 'Đang diễn ra'
    WHEN end_date < NOW() THEN 'Đã kết thúc'
    ELSE 'Chưa diễn ra'
END$$

CREATE DEFINER=`root`@`%` EVENT `update_status_schedule` ON SCHEDULE EVERY 1 DAY STARTS '2025-05-01 00:00:00' ON COMPLETION NOT PRESERVE ENABLE DO UPDATE schedule
SET status = CASE
    WHEN start_date <= NOW() AND end_date >= NOW() THEN 'Đang diễn ra'
    WHEN end_date < NOW() THEN 'Đã kết thúc'
    ELSE 'Chưa diễn ra'
END$$

CREATE DEFINER=`root`@`%` EVENT `delete_expired_tokens` ON SCHEDULE EVERY 1 DAY STARTS '2025-05-01 00:00:00' ON COMPLETION NOT PRESERVE ENABLE DO DELETE FROM token WHERE expiry_time < NOW()$$

DELIMITER ;
COMMIT;

/*!40101 SET CHARACTER_SET_CLIENT=@OLD_CHARACTER_SET_CLIENT */;
/*!40101 SET CHARACTER_SET_RESULTS=@OLD_CHARACTER_SET_RESULTS */;
/*!40101 SET COLLATION_CONNECTION=@OLD_COLLATION_CONNECTION */;
